pressure,temperature,vibration,volume_flow,Motor_power,cooler_condition
160.67,35.62,0.58,6.71,2538.93,3
160.6,36.68,0.57,6.72,2531.5,3
160.35,37.88,0.58,6.72,2519.93,3
160.19,38.88,0.57,6.72,2511.54,3
160.0,39.8,0.58,6.69,2503.45,3
159.92,40.66,0.57,6.7,2501.01,3
159.67,41.46,0.57,6.7,2494.42,3
159.61,42.22,0.57,6.68,2489.42,3
159.48,42.89,0.57,6.67,2484.42,3
159.44,43.53,0.57,6.66,2480.43,3
159.32,44.11,0.57,6.66,2478.79,3
159.24,44.64,0.58,6.66,2472.27,3
159.14,45.16,0.58,6.66,2467.23,3
159.09,45.63,0.59,6.67,2465.31,3
158.99,46.06,0.58,6.67,2461.77,3
158.86,46.46,0.58,6.65,2459.51,3
158.82,46.84,0.58,6.65,2458.17,3
158.79,47.15,0.59,6.64,2455.59,3
158.65,47.47,0.6,6.66,2452.3,3
158.6,47.75,0.6,6.65,2448.33,3
158.62,48.03,0.62,6.64,2444.72,3
158.57,48.27,0.63,6.64,2441.78,3
158.53,48.5,0.62,6.64,2438.77,3
158.51,48.71,0.63,6.63,2437.65,3
158.44,48.92,0.63,6.63,2437.13,3
158.34,49.11,0.64,6.65,2434.61,3
158.27,49.32,0.64,6.63,2432.51,3
158.25,49.5,0.63,6.65,2432.65,3
158.09,49.66,0.64,6.64,2428.35,3
157.95,49.82,0.63,6.64,2425.84,3
157.96,49.93,0.64,6.63,2425.47,3
157.9,50.03,0.63,6.62,2424.28,3
157.97,50.17,0.63,6.64,2424.37,3
157.88,50.28,0.64,6.63,2423.38,3
157.83,50.39,0.65,6.64,2421.67,3
157.8,50.5,0.64,6.63,2421.09,3
157.77,50.6,0.64,6.62,2421.49,3
157.76,50.67,0.64,6.63,2422.78,3
157.83,50.72,0.65,6.64,2424.24,3
157.74,50.81,0.63,6.63,2420.98,3
157.79,50.91,0.63,6.62,2424.34,3
157.69,50.98,0.63,6.62,2421.64,3
157.66,51.07,0.63,6.62,2421.67,3
157.63,51.12,0.64,6.62,2420.58,3
157.59,51.19,0.64,6.63,2418.86,3
157.58,51.22,0.64,6.62,2419.73,3
157.58,51.29,0.66,6.64,2422.49,3
157.56,51.35,0.63,6.64,2417.85,3
157.56,51.39,0.63,6.63,2417.66,3
157.57,51.47,0.63,6.62,2417.01,3
157.61,51.52,0.64,6.62,2417.64,3
157.55,51.57,0.66,6.62,2415.61,3
157.53,51.61,0.63,6.62,2416.26,3
157.53,51.66,0.63,6.62,2416.15,3
157.63,51.7,0.65,6.63,2416.87,3
157.54,51.74,0.64,6.63,2415.16,3
157.51,51.76,0.64,6.64,2413.12,3
157.52,51.79,0.64,6.62,2412.4,3
157.48,51.85,0.64,6.64,2411.0,3
157.5,51.88,0.64,6.64,2412.43,3
157.47,51.91,0.63,6.63,2411.98,3
157.45,51.93,0.64,6.62,2411.35,3
157.47,51.92,0.63,6.63,2411.76,3
157.44,51.98,0.64,6.62,2409.76,3
157.45,52.0,0.64,6.63,2409.63,3
157.45,52.01,0.64,6.63,2409.81,3
157.44,52.03,0.64,6.64,2410.09,3
157.41,52.06,0.64,6.63,2410.55,3
157.43,52.1,0.64,6.64,2410.03,3
157.41,52.16,0.64,6.62,2408.91,3
157.4,52.16,0.65,6.62,2408.17,3
157.4,52.21,0.65,6.62,2406.79,3
157.34,52.3,0.65,6.62,2409.19,3
157.33,52.38,0.64,6.62,2409.42,3
157.36,52.41,0.64,6.64,2409.18,3
157.33,52.42,0.65,6.62,2409.44,3
157.32,52.53,0.65,6.64,2409.31,3
157.31,52.6,0.64,6.61,2406.85,3
157.29,52.64,0.64,6.62,2407.14,3
157.26,52.7,0.65,6.63,2406.75,3
157.25,52.68,0.65,6.62,2406.83,3
157.24,52.77,0.65,6.6,2406.64,3
157.26,52.8,0.65,6.61,2406.55,3
157.23,52.83,0.64,6.61,2407.51,3
157.22,52.83,0.65,6.6,2407.38,3
157.24,52.89,0.66,6.61,2407.51,3
157.23,52.9,0.64,6.61,2407.11,3
157.24,52.91,0.64,6.61,2409.44,3
157.23,52.94,0.64,6.62,2406.65,3
157.21,52.98,0.65,6.61,2409.02,3
157.21,53.0,0.65,6.63,2411.26,3
157.2,53.02,0.65,6.61,2410.36,3
157.2,53.05,0.65,6.61,2411.29,3
157.17,53.07,0.65,6.62,2412.22,3
157.17,53.12,0.65,6.63,2413.52,3
157.16,53.16,0.63,6.63,2413.38,3
157.15,53.18,0.64,6.61,2414.01,3
157.17,53.19,0.64,6.61,2410.67,3
157.17,53.21,0.65,6.61,2409.27,3
157.13,53.2,0.67,6.63,2406.91,3
157.14,53.26,0.67,6.6,2405.87,3
157.13,53.23,0.64,6.61,2404.47,3
157.13,53.25,0.66,6.61,2404.43,3
157.15,53.28,0.65,6.62,2404.39,3
157.11,53.32,0.65,6.61,2404.58,3
157.12,53.35,0.66,6.62,2403.73,3
157.11,53.35,0.65,6.62,2403.63,3
157.08,53.38,0.64,6.6,2402.31,3
157.07,53.42,0.65,6.6,2401.6,3
157.05,53.46,0.66,6.62,2402.14,3
157.1,53.47,0.65,6.61,2404.36,3
157.07,53.52,0.67,6.6,2404.65,3
157.12,53.52,0.65,6.61,2405.49,3
157.11,53.49,0.65,6.62,2406.75,3
157.02,53.56,0.66,6.6,2405.26,3
157.03,53.57,0.66,6.61,2406.22,3
157.01,53.59,0.66,6.62,2406.39,3
157.03,53.61,0.65,6.6,2405.33,3
156.99,53.65,0.67,6.61,2402.61,3
156.99,53.65,0.66,6.6,2403.06,3
157.03,53.67,0.65,6.61,2401.9,3
157.05,53.65,0.65,6.6,2402.36,3
157.08,53.64,0.66,6.61,2402.15,3
157.0,53.64,0.64,6.6,2403.07,3
156.99,53.65,0.65,6.61,2400.85,3
156.99,53.68,0.65,6.59,2400.5,3
157.01,53.7,0.65,6.61,2400.49,3
157.04,53.69,0.66,6.61,2402.23,3
157.26,53.69,0.65,6.61,2405.61,3
157.09,53.7,0.66,6.61,2400.75,3
157.09,53.74,0.66,6.61,2402.05,3
157.04,53.77,0.67,6.6,2401.46,3
157.02,53.78,0.66,6.61,2399.83,3
157.02,53.77,0.65,6.61,2400.66,3
156.99,53.76,0.65,6.61,2401.51,3
156.99,53.77,0.67,6.6,2402.14,3
157.02,53.76,0.66,6.61,2402.49,3
156.99,53.78,0.66,6.6,2401.57,3
157.08,53.81,0.65,6.61,2402.04,3
157.09,53.82,0.66,6.6,2403.12,3
157.04,53.8,0.65,6.61,2402.84,3
157.04,53.84,0.65,6.61,2403.62,3
157.03,53.83,0.66,6.6,2401.36,3
157.03,53.84,0.67,6.61,2401.03,3
157.08,53.84,0.66,6.61,2402.87,3
156.99,53.86,0.66,6.61,2400.64,3
156.99,53.83,0.67,6.6,2399.54,3
156.99,53.85,0.66,6.6,2399.45,3
156.95,53.89,0.66,6.6,2398.22,3
156.96,53.91,0.65,6.6,2398.93,3
156.99,53.86,0.67,6.6,2400.48,3
156.98,53.85,0.65,6.6,2398.54,3
156.98,53.88,0.67,6.61,2399.58,3
156.97,53.87,0.65,6.61,2399.49,3
156.96,53.87,0.66,6.6,2399.85,3
156.95,53.9,0.66,6.6,2401.13,3
156.97,53.93,0.67,6.6,2401.22,3
156.97,53.88,0.65,6.6,2399.67,3
156.96,53.89,0.65,6.6,2399.99,3
156.93,53.93,0.66,6.6,2401.2,3
156.95,53.9,0.66,6.61,2400.57,3
157.05,53.96,0.65,6.59,2401.16,3
157.04,53.94,0.66,6.6,2401.2,3
157.01,53.9,0.67,6.61,2400.3,3
157.09,53.97,0.66,6.6,2400.39,3
157.09,53.95,0.68,6.59,2400.85,3
157.07,53.95,0.67,6.59,2400.78,3
157.02,53.99,0.66,6.61,2398.26,3
157.1,53.98,0.68,6.6,2400.2,3
157.1,54.01,0.66,6.59,2400.45,3
157.12,54.03,0.67,6.59,2400.6,3
157.18,54.03,0.66,6.6,2401.51,3
157.11,54.05,0.66,6.61,2400.18,3
157.05,54.05,0.67,6.59,2400.62,3
157.01,54.05,0.66,6.61,2398.9,3
157.09,54.03,0.66,6.61,2398.38,3
157.06,54.04,0.67,6.59,2398.66,3
157.16,54.05,0.67,6.6,2401.54,3
157.05,54.08,0.67,6.6,2402.05,3
157.04,54.07,0.67,6.61,2397.01,3
157.05,54.1,0.68,6.59,2394.59,3
157.15,54.11,0.67,6.6,2394.86,3
157.08,54.1,0.67,6.6,2392.95,3
156.99,54.09,0.66,6.61,2393.11,3
157.01,54.1,0.66,6.59,2394.66,3
157.0,54.13,0.67,6.6,2395.77,3
157.05,54.11,0.67,6.59,2395.13,3
156.99,54.13,0.66,6.6,2395.41,3
157.05,54.16,0.67,6.59,2396.84,3
157.01,54.17,0.65,6.6,2397.55,3
156.97,54.19,0.65,6.59,2397.67,3
156.94,54.2,0.66,6.6,2397.55,3
156.97,54.18,0.66,6.61,2397.19,3
156.99,54.17,0.65,6.59,2397.81,3
156.96,54.15,0.66,6.6,2397.29,3
156.97,54.19,0.67,6.59,2397.78,3
157.01,54.19,0.67,6.6,2399.6,3
156.99,54.23,0.68,6.59,2396.14,3
156.96,54.24,0.65,6.59,2396.09,3
156.95,54.24,0.67,6.59,2397.15,3
156.93,54.24,0.66,6.6,2397.77,3
157.06,54.25,0.66,6.6,2397.7,3
156.99,54.24,0.65,6.59,2397.12,3
157.01,54.26,0.66,6.6,2399.01,3
157.01,54.26,0.65,6.59,2399.28,3
156.96,54.29,0.66,6.6,2399.73,3
156.98,54.3,0.67,6.59,2399.27,3
156.95,54.3,0.67,6.59,2398.14,3
157.0,54.32,0.66,6.6,2400.49,3
157.02,54.32,0.66,6.6,2400.62,3
156.39,54.27,0.65,6.31,2427.4,3
174.89,54.14,0.74,3.02,2676.66,3
156.37,54.2,0.81,6.47,2425.9,3
156.49,54.16,0.71,6.39,2427.28,3
167.47,54.12,0.73,4.29,2570.48,3
167.31,54.16,0.74,4.27,2568.06,3
156.55,54.27,0.68,6.23,2423.72,3
156.8,54.23,0.66,6.23,2428.29,3
156.6,54.21,0.66,6.22,2425.15,3
156.56,54.19,0.66,6.23,2422.02,3
156.35,54.19,0.66,6.23,2419.46,3
156.25,54.19,0.66,6.26,2419.26,3
156.2,54.17,0.66,6.26,2420.47,3
156.23,54.21,0.66,6.26,2420.11,3
156.22,54.19,0.66,6.26,2416.43,3
156.22,54.18,0.65,6.26,2418.34,3
156.2,54.2,0.66,6.26,2417.23,3
156.24,54.21,0.67,6.26,2418.3,3
156.24,54.21,0.66,6.27,2419.1,3
156.22,54.19,0.66,6.27,2420.48,3
156.22,54.2,0.66,6.27,2418.63,3
156.14,54.18,0.66,6.28,2417.65,3
156.14,54.18,0.66,6.28,2416.37,3
156.12,54.22,0.66,6.28,2414.88,3
156.14,54.22,0.65,6.28,2416.72,3
156.16,54.21,0.66,6.27,2417.13,3
156.15,54.2,0.65,6.28,2415.72,3
156.15,54.23,0.66,6.27,2416.32,3
156.19,54.27,0.66,6.28,2415.54,3
156.14,54.24,0.66,6.28,2414.68,3
156.14,54.24,0.65,6.28,2415.57,3
156.11,54.26,0.66,6.26,2414.58,3
156.08,54.28,0.66,6.28,2415.26,3
156.1,54.3,0.66,6.28,2415.5,3
156.14,54.3,0.66,6.27,2416.61,3
156.18,54.31,0.66,6.26,2414.04,3
156.15,54.3,0.66,6.28,2413.9,3
174.52,54.27,0.74,3.04,2657.64,3
156.7,54.38,0.75,6.32,2420.0,3
156.35,54.39,0.66,6.26,2415.95,3
156.33,54.42,0.66,6.25,2416.57,3
156.45,54.4,0.66,6.35,2403.78,3
156.53,54.4,0.66,6.31,2403.59,3
156.78,54.43,0.66,6.32,2407.08,3
156.63,54.44,0.66,6.32,2404.98,3
156.61,54.43,0.66,6.32,2405.3,3
156.62,54.44,0.66,6.32,2405.66,3
156.54,54.43,0.66,6.32,2406.07,3
156.54,54.43,0.66,6.32,2407.7,3
156.54,54.45,0.66,6.32,2407.38,3
156.55,54.43,0.65,6.32,2407.6,3
156.53,54.42,0.65,6.35,2407.44,3
156.43,54.43,0.66,6.36,2403.99,3
156.41,54.44,0.66,6.36,2402.78,3
156.43,54.42,0.65,6.35,2403.28,3
156.45,54.42,0.66,6.35,2403.86,3
156.47,54.42,0.66,6.36,2404.47,3
156.47,54.4,0.66,6.36,2405.02,3
156.43,54.42,0.66,6.36,2405.29,3
156.47,54.43,0.66,6.36,2407.5,3
156.45,54.42,0.65,6.36,2403.61,3
156.52,54.4,0.66,6.36,2403.92,3
156.43,54.38,0.66,6.37,2403.36,3
156.47,54.42,0.66,6.37,2404.43,3
156.48,54.43,0.65,6.37,2404.19,3
156.47,54.38,0.66,6.37,2405.48,3
156.47,54.37,0.65,6.37,2406.0,3
156.49,54.4,0.66,6.37,2405.77,3
156.45,54.43,0.66,6.37,2405.63,3
156.45,54.42,0.66,6.37,2405.48,3
156.47,54.41,0.66,6.37,2406.16,3
156.46,54.42,0.66,6.37,2405.42,3
156.38,54.4,0.66,6.38,2405.76,3
156.39,54.42,0.65,6.35,2407.41,3
156.38,54.41,0.65,6.37,2405.51,3
156.41,54.41,0.65,6.37,2406.05,3
156.4,54.44,0.66,6.35,2404.36,3
156.4,54.41,0.64,6.36,2404.64,3
156.41,54.42,0.65,6.38,2404.9,3
156.42,54.42,0.65,6.36,2405.53,3
156.43,54.4,0.73,6.37,2402.88,3
156.4,54.38,0.66,6.38,2402.67,3
156.83,54.41,0.68,6.61,2395.17,3
157.1,54.44,0.67,6.55,2397.76,3
157.09,54.53,0.67,6.55,2397.08,3
157.08,54.53,0.67,6.54,2395.54,3
157.07,54.62,0.67,6.54,2394.97,3
157.08,54.66,0.68,6.55,2394.77,3
157.07,54.67,0.68,6.54,2394.22,3
157.07,54.72,0.67,6.54,2394.2,3
157.04,54.76,0.68,6.54,2393.3,3
157.03,54.75,0.68,6.56,2396.07,3
157.04,54.81,0.66,6.56,2398.88,3
156.93,54.8,0.66,6.58,2397.93,3
156.95,54.84,0.65,6.57,2395.35,3
156.95,54.85,0.68,6.58,2393.42,3
156.96,54.86,0.67,6.58,2394.79,3
156.91,54.87,0.66,6.57,2394.85,3
156.93,54.89,0.66,6.57,2392.73,3
156.92,54.92,0.66,6.57,2390.43,3
156.93,54.95,0.66,6.56,2389.79,3
156.9,54.95,0.65,6.57,2391.76,3
156.89,55.02,0.67,6.57,2390.84,3
156.79,55.02,0.67,6.59,2390.01,3
156.79,55.04,0.66,6.59,2389.81,3
156.8,55.05,0.66,6.59,2390.3,3
156.82,55.04,0.66,6.59,2390.55,3
156.84,55.06,0.65,6.59,2392.34,3
156.8,55.05,0.65,6.59,2392.22,3
156.84,55.06,0.66,6.59,2393.52,3
156.85,54.99,0.67,6.59,2394.49,3
156.84,54.97,0.65,6.59,2394.22,3
156.87,54.95,0.67,6.59,2393.85,3
156.82,54.9,0.67,6.6,2393.99,3
156.82,54.88,0.67,6.61,2393.25,3
156.85,54.84,0.65,6.6,2390.98,3
156.84,54.82,0.65,6.6,2392.34,3
156.84,54.78,0.66,6.59,2393.98,3
156.86,54.74,0.65,6.59,2394.71,3
156.85,54.73,0.67,6.58,2395.69,3
156.83,54.73,0.66,6.6,2396.49,3
156.85,54.67,0.66,6.6,2396.26,3
156.86,54.64,0.65,6.61,2397.6,3
156.82,54.49,0.68,6.62,2403.73,3
156.8,54.54,0.65,6.6,2401.77,3
156.81,54.52,0.66,6.59,2397.82,3
156.82,54.45,0.66,6.59,2397.36,3
156.8,54.44,0.67,6.59,2397.49,3
156.86,54.44,0.65,6.6,2398.7,3
156.85,54.41,0.65,6.6,2396.43,3
156.83,54.42,0.65,6.6,2397.27,3
156.8,54.39,0.67,6.59,2396.95,3
156.85,54.37,0.65,6.59,2398.1,3
173.18,54.26,0.74,3.27,2652.4,3
156.4,54.3,0.68,6.25,2424.19,3
173.31,54.14,0.73,3.23,2652.81,3
173.32,54.19,0.76,3.23,2651.72,3
173.3,54.25,0.78,3.23,2648.31,3
173.29,54.27,0.78,3.23,2646.48,3
173.28,54.32,0.79,3.24,2646.49,3
156.38,54.5,0.69,6.24,2419.17,3
173.28,54.37,0.75,3.24,2649.53,3
173.28,54.46,0.78,3.24,2648.89,3
173.29,54.57,0.78,3.23,2648.25,3
173.11,54.68,0.77,3.28,2646.08,3
173.15,54.76,0.78,3.26,2646.29,3
173.12,54.84,0.78,3.27,2645.59,3
173.07,54.95,0.77,3.29,2645.3,3
173.07,55.08,0.76,3.27,2641.79,3
173.07,55.17,0.76,3.28,2641.78,3
173.05,55.25,0.76,3.26,2641.65,3
173.01,55.31,0.77,3.29,2643.41,3
173.0,55.4,0.77,3.28,2642.3,3
172.95,55.54,0.76,3.29,2638.87,3
172.85,55.62,0.76,3.31,2636.84,3
166.7,55.76,0.73,4.3,2553.14,3
172.83,55.79,0.75,3.3,2634.61,3
172.81,55.85,0.75,3.29,2634.99,3
172.78,55.89,0.74,3.32,2635.03,3
172.78,55.93,0.74,3.3,2635.23,3
180.41,55.99,0.78,2.08,2736.73,3
173.26,56.02,0.78,3.28,2645.47,3
172.75,56.1,0.75,3.3,2636.34,3
172.73,56.21,0.76,3.3,2634.93,3
172.68,56.28,0.75,3.29,2634.63,3
172.67,56.33,0.75,3.29,2634.62,3
172.69,56.4,0.75,3.29,2633.56,3
172.68,56.45,0.74,3.29,2632.39,3
172.66,56.48,0.75,3.3,2631.27,3
172.65,56.49,0.75,3.29,2631.26,3
166.44,56.57,0.71,4.3,2547.8,3
172.65,56.58,0.74,3.29,2632.42,3
172.66,56.63,0.74,3.29,2633.73,3
155.55,56.74,0.66,6.25,2400.8,3
172.84,56.59,0.72,3.36,2619.74,3
173.09,56.67,0.75,3.31,2621.41,3
173.11,56.69,0.74,3.29,2625.1,3
156.01,56.78,0.66,6.31,2392.65,3
180.7,56.64,0.74,2.08,2722.54,3
156.74,56.76,0.68,6.33,2404.32,3
173.16,56.58,0.72,3.29,2623.31,3
173.1,56.68,0.74,3.28,2621.99,3
173.08,56.73,0.74,3.3,2622.19,3
156.03,56.85,0.66,6.32,2393.86,3
173.09,56.67,0.72,3.3,2623.39,3
180.63,56.72,0.76,2.08,2721.93,3
156.57,56.78,0.7,6.35,2403.3,3
156.22,56.68,0.64,6.35,2396.15,3
173.13,56.56,0.72,3.32,2623.99,3
173.03,56.68,0.73,3.32,2621.55,3
172.95,56.68,0.74,3.33,2619.8,3
172.94,56.69,0.73,3.33,2619.07,3
172.93,56.7,0.74,3.34,2619.54,3
155.84,56.8,0.65,6.35,2389.99,3
172.95,56.65,0.72,3.32,2622.0,3
172.84,56.72,0.74,3.35,2620.75,3
172.84,56.74,0.73,3.34,2620.64,3
172.86,56.78,0.73,3.34,2621.44,3
172.84,56.78,0.72,3.34,2621.51,3
172.85,56.83,0.73,3.34,2621.1,3
172.84,56.87,0.73,3.34,2621.14,3
172.84,56.88,0.73,3.35,2619.25,3
172.84,56.92,0.74,3.34,2619.09,3
155.7,57.03,0.65,6.37,2387.04,3
172.83,56.86,0.71,3.35,2617.32,3
172.78,56.94,0.72,3.35,2617.96,3
172.78,56.97,0.73,3.34,2617.67,3
155.64,57.07,0.65,6.36,2387.99,3
172.82,56.9,0.71,3.34,2620.22,3
166.6,56.97,0.7,4.36,2534.06,3
155.62,57.01,0.64,6.36,2386.91,3
172.83,56.79,0.71,3.35,2619.23,3
172.82,56.87,0.73,3.32,2617.44,3
172.89,56.91,0.72,3.32,2618.51,3
172.81,56.93,0.72,3.33,2616.54,3
156.08,57.07,0.72,6.58,2378.41,3
156.39,56.97,0.7,6.52,2382.6,3
156.42,56.94,0.66,6.54,2382.63,3
156.41,56.93,0.67,6.55,2383.8,3
156.43,56.88,0.68,6.54,2384.46,3
156.4,56.83,0.68,6.54,2385.91,3
156.45,56.81,0.67,6.54,2388.63,3
156.41,56.73,0.66,6.54,2388.07,3
156.43,56.67,0.68,6.55,2389.9,3
156.48,56.64,0.67,6.55,2387.09,3
156.47,56.58,0.66,6.55,2386.19,3
156.39,56.55,0.65,6.58,2385.85,3
156.37,56.52,0.66,6.56,2386.9,3
156.4,56.45,0.66,6.58,2387.03,3
156.39,56.44,0.67,6.57,2385.76,3
156.42,56.43,0.65,6.58,2388.12,3
156.44,56.37,0.67,6.58,2387.94,3
156.39,56.36,0.65,6.58,2387.6,3
156.43,56.29,0.66,6.58,2387.52,3
156.4,56.3,0.65,6.58,2388.92,3
156.4,56.26,0.65,6.57,2387.86,3
156.3,56.26,0.63,6.6,2387.78,3
156.31,56.22,0.64,6.6,2386.09,3
156.34,56.18,0.64,6.6,2386.62,3
156.35,56.19,0.65,6.6,2386.15,3
156.38,56.19,0.64,6.59,2386.62,3
156.35,56.18,0.65,6.59,2386.31,3
156.39,56.14,0.64,6.59,2387.75,3
156.37,56.11,0.64,6.59,2388.4,3
156.39,56.12,0.64,6.59,2389.03,3
156.38,56.1,0.63,6.59,2387.09,3
156.34,56.08,0.65,6.59,2387.61,3
156.34,56.09,0.63,6.6,2387.74,3
156.36,56.05,0.64,6.6,2389.5,3
156.35,56.06,0.64,6.6,2389.9,3
156.34,56.06,0.64,6.59,2390.83,3
156.36,56.05,0.64,6.59,2390.87,3
156.38,56.02,0.63,6.6,2391.14,3
180.92,55.99,0.73,2.13,2716.95,3
156.87,56.16,0.75,6.6,2401.29,3
156.55,56.12,0.65,6.59,2395.43,3
156.48,56.04,0.66,6.59,2394.98,3
156.57,56.08,0.65,6.58,2395.42,3
156.55,56.07,0.65,6.57,2392.26,3
173.45,56.0,0.73,3.4,2617.7,3
156.33,56.23,0.66,6.59,2387.2,3
156.31,56.16,0.64,6.57,2387.06,3
156.3,56.15,0.64,6.57,2387.04,3
156.35,56.11,0.64,6.58,2388.15,3
156.3,56.09,0.63,6.57,2387.55,3
156.31,56.08,0.62,6.58,2388.54,3
172.9,55.98,0.71,3.28,2643.53,3
173.07,55.97,0.73,3.24,2643.4,3
173.08,55.99,0.74,3.25,2641.69,3
173.06,55.97,0.74,3.23,2641.54,3
173.04,56.01,0.75,3.24,2640.92,3
173.03,56.03,0.74,3.23,2641.39,3
173.01,56.09,0.73,3.23,2640.47,3
180.7,56.17,0.76,2.02,2740.64,3
173.45,56.18,0.78,3.24,2646.84,3
172.99,56.27,0.74,3.24,2635.51,3
172.9,56.36,0.73,3.23,2633.89,3
172.78,56.45,0.73,3.27,2633.68,3
172.77,56.52,0.73,3.27,2633.74,3
172.77,56.57,0.74,3.28,2634.0,3
172.77,56.66,0.73,3.28,2634.54,3
172.79,56.71,0.73,3.27,2634.86,3
172.78,56.76,0.73,3.27,2633.55,3
172.8,56.83,0.71,3.26,2633.72,3
172.78,56.87,0.73,3.27,2634.84,3
155.51,57.05,0.65,6.24,2401.76,3
172.77,56.92,0.71,3.27,2633.85,3
172.68,57.0,0.73,3.29,2632.98,3
172.72,57.03,0.73,3.29,2633.52,3
180.38,57.11,0.74,2.08,2732.25,3
173.06,57.1,0.76,3.28,2637.45,3
172.6,57.11,0.72,3.29,2630.03,3
172.59,57.22,0.73,3.28,2631.24,3
172.61,57.28,0.72,3.29,2631.22,3
172.6,57.31,0.72,3.28,2629.68,3
172.59,57.33,0.72,3.28,2629.45,3
172.62,57.36,0.72,3.29,2632.44,3
172.58,57.37,0.72,3.28,2631.95,3
172.55,57.38,0.72,3.28,2628.83,3
172.56,57.42,0.71,3.28,2629.09,3
172.54,57.47,0.71,3.28,2630.78,3
172.57,57.47,0.71,3.28,2628.44,3
172.51,57.5,0.71,3.29,2626.89,3
172.51,57.53,0.72,3.28,2625.54,3
172.54,57.52,0.71,3.28,2625.83,3
172.54,57.54,0.71,3.28,2625.87,3
172.52,57.57,0.72,3.28,2628.07,3
172.65,57.59,0.72,3.32,2617.52,3
172.94,57.6,0.72,3.29,2614.71,3
172.91,57.63,0.72,3.3,2618.58,3
172.92,57.62,0.72,3.29,2621.71,3
172.89,57.63,0.72,3.29,2617.07,3
172.93,57.63,0.72,3.28,2618.04,3
172.94,57.67,0.72,3.3,2619.97,3
172.94,57.69,0.71,3.28,2620.99,3
172.95,57.7,0.72,3.28,2619.21,3
172.93,57.7,0.72,3.28,2618.83,3
155.7,57.84,0.63,6.32,2389.23,3
172.85,57.63,0.7,3.32,2621.08,3
155.64,57.77,0.64,6.35,2389.84,3
172.88,57.58,0.7,3.32,2624.14,3
166.65,57.64,0.69,4.33,2540.06,3
155.66,57.65,0.63,6.35,2389.89,3
172.9,57.5,0.7,3.3,2621.45,3
172.86,57.5,0.71,3.32,2620.86,3
172.87,57.51,0.72,3.3,2610.36,3
172.86,57.51,0.73,3.33,2605.53,3
172.87,57.5,0.73,3.32,2602.86,3
172.77,57.51,0.73,3.33,2601.56,3
172.75,57.56,0.73,3.33,2602.05,3
172.76,57.56,0.73,3.33,2602.71,3
172.76,57.56,0.73,3.33,2604.21,3
172.77,57.59,0.73,3.35,2605.68,3
172.78,57.58,0.73,3.33,2607.36,3
172.77,57.63,0.73,3.33,2607.45,3
172.75,57.63,0.73,3.34,2607.14,3
172.73,57.65,0.73,3.35,2603.96,3
172.76,57.65,0.72,3.32,2604.79,3
172.73,57.69,0.72,3.32,2606.16,3
172.68,57.72,0.72,3.33,2604.54,3
172.71,57.7,0.73,3.34,2599.5,3
172.69,57.72,0.73,3.34,2599.48,3
172.71,57.74,0.72,3.34,2601.42,3
172.71,57.77,0.73,3.32,2601.87,3
172.7,57.76,0.72,3.33,2600.24,3
172.72,57.76,0.72,3.33,2600.04,3
172.7,57.79,0.73,3.33,2599.12,3
172.68,57.77,0.73,3.34,2599.34,3
155.97,57.9,0.84,6.59,2361.75,3
156.28,57.79,0.71,6.52,2366.33,3
173.39,57.68,0.78,3.39,2598.52,3
156.29,57.82,0.76,6.54,2367.94,3
156.28,57.74,0.72,6.53,2368.74,3
156.31,57.63,0.71,6.53,2367.17,3
156.33,57.57,0.71,6.53,2367.37,3
173.4,57.47,0.83,3.38,2597.36,3
156.32,57.63,0.78,6.52,2367.25,3
156.31,57.47,0.71,6.52,2369.02,3
156.34,57.4,0.69,6.53,2370.27,3
156.26,57.33,0.7,6.56,2370.83,3
156.21,57.28,0.68,6.56,2368.45,3
173.3,57.16,0.77,3.43,2597.16,3
156.26,57.33,0.73,6.57,2367.35,3
173.31,57.18,0.74,3.42,2597.92,3
173.32,57.21,0.77,3.43,2597.44,3
156.2,57.36,0.71,6.57,2366.59,3
156.24,57.25,0.69,6.56,2367.07,3
173.32,57.13,0.75,3.42,2597.57,3
156.25,57.32,0.72,6.57,2366.35,3
156.13,57.25,0.68,6.58,2365.87,3
156.14,57.19,0.66,6.57,2367.22,3
156.16,57.13,0.65,6.58,2369.85,3
173.24,57.04,0.74,3.43,2601.76,3
173.25,57.11,0.79,3.43,2601.93,3
156.15,57.27,0.71,6.59,2369.16,3
156.16,57.15,0.66,6.58,2369.2,3
156.17,57.11,0.66,6.57,2366.71,3
173.28,57.02,0.79,3.44,2598.88,3
156.2,57.19,0.73,6.58,2368.93,3
156.15,57.05,0.65,6.56,2370.4,3
156.16,56.99,0.65,6.57,2369.88,3
180.87,56.92,0.76,2.12,2698.17,3
156.6,57.05,0.74,6.57,2375.89,3
156.23,56.97,0.67,6.57,2366.45,3
173.22,56.9,0.73,3.41,2594.98,3
156.09,57.08,0.67,6.56,2364.61,3
173.2,56.95,0.75,3.41,2596.83,3
156.16,57.12,0.71,6.57,2366.31,3
156.16,57.01,0.65,6.57,2366.41,3
156.15,56.9,0.72,6.56,2370.32,3
156.18,56.86,0.66,6.55,2371.38,3
156.2,56.82,0.64,6.56,2371.29,3
156.2,56.77,0.65,6.57,2370.44,3
156.21,56.7,0.65,6.56,2369.97,3
156.23,56.63,0.67,6.56,2370.74,3
156.24,56.59,0.66,6.57,2370.22,3
156.24,56.53,0.66,6.57,2369.6,3
156.24,56.48,0.65,6.56,2370.04,3
156.26,56.46,0.64,6.57,2371.56,3
172.88,56.31,0.72,3.27,2628.67,3
173.09,56.28,0.74,3.23,2630.22,3
173.06,56.28,0.73,3.23,2628.3,3
173.02,56.27,0.74,3.23,2627.5,3
173.03,56.27,0.74,3.23,2627.75,3
172.97,56.31,0.74,3.23,2625.74,3
173.0,56.36,0.74,3.23,2625.72,3
180.67,56.4,0.76,2.03,2726.46,3
173.4,56.4,0.76,3.24,2634.49,3
172.96,56.46,0.74,3.23,2626.27,3
172.92,56.57,0.74,3.22,2626.57,3
172.8,56.62,0.74,3.25,2626.22,3
180.5,56.71,0.75,2.06,2728.45,3
173.23,56.71,0.76,3.23,2630.3,3
172.84,56.78,0.73,3.25,2620.98,3
172.8,56.88,0.74,3.25,2621.02,3
172.8,56.97,0.74,3.26,2621.65,3
172.8,57.01,0.74,3.26,2621.74,3
172.79,57.06,0.73,3.25,2621.38,3
172.79,57.08,0.74,3.26,2617.05,3
166.57,57.15,0.71,4.25,2534.02,3
155.46,57.22,0.65,6.24,2385.33,3
172.76,57.08,0.72,3.27,2619.16,3
172.75,57.11,0.74,3.27,2619.69,3
180.46,57.16,0.75,2.06,2722.76,3
172.78,57.12,0.8,3.29,2624.03,3
166.64,57.16,0.71,4.27,2536.66,3
155.57,57.25,0.65,6.23,2388.05,3
172.82,57.09,0.71,3.27,2620.97,3
172.8,57.12,0.73,3.27,2621.01,3
172.76,57.13,0.73,3.27,2621.04,3
172.67,57.14,0.73,3.26,2620.51,3
172.71,57.12,0.73,3.26,2621.6,3
172.69,57.18,0.73,3.27,2620.78,3
155.39,57.27,0.65,6.23,2386.31,3
172.63,57.12,0.72,3.26,2620.14,3
172.64,57.16,0.73,3.27,2620.64,3
172.62,57.18,0.73,3.26,2620.75,3
172.63,57.2,0.73,3.26,2621.84,3
172.58,57.21,0.72,3.26,2621.73,3
172.56,57.22,0.73,3.26,2621.52,3
172.71,57.22,0.73,3.31,2604.72,3
173.0,57.25,0.73,3.26,2608.05,3
172.98,57.26,0.73,3.27,2607.57,3
173.0,57.29,0.73,3.26,2607.42,3
173.01,57.35,0.72,3.27,2607.58,3
172.98,57.32,0.72,3.26,2607.8,3
155.72,57.43,0.64,6.3,2376.23,3
173.06,57.24,0.71,3.26,2611.01,3
173.02,57.31,0.73,3.26,2611.01,3
173.03,57.32,0.73,3.26,2610.69,3
155.81,57.39,0.64,6.3,2377.22,3
172.99,57.23,0.71,3.3,2609.32,3
172.95,57.26,0.72,3.31,2609.04,3
155.87,57.35,0.64,6.33,2379.37,3
172.98,57.14,0.71,3.3,2610.43,3
172.96,57.15,0.72,3.3,2609.37,3
166.75,57.16,0.7,4.31,2525.74,3
172.99,57.11,0.73,3.3,2609.31,3
172.98,57.14,0.72,3.29,2609.78,3
172.93,57.14,0.72,3.3,2608.42,3
172.88,57.16,0.73,3.3,2608.16,3
172.8,57.14,0.73,3.32,2607.82,3
180.54,57.17,0.74,2.09,2708.45,3
172.67,57.13,0.77,3.36,2606.5,3
155.63,57.3,0.65,6.34,2375.1,3
172.94,57.09,0.71,3.31,2608.34,3
172.94,57.17,0.71,3.3,2606.71,3
155.69,57.3,0.63,6.34,2374.58,3
172.96,57.12,0.7,3.31,2608.66,3
172.95,57.12,0.72,3.3,2609.86,3
172.93,57.16,0.72,3.31,2609.42,3
155.62,57.26,0.64,6.33,2375.57,3
172.88,57.04,0.7,3.3,2608.29,3
172.86,57.08,0.72,3.3,2605.57,3
172.84,57.11,0.72,3.3,2604.22,3
172.86,57.1,0.72,3.3,2604.9,3
172.86,57.08,0.71,3.3,2605.32,3
172.79,57.11,0.72,3.3,2604.4,3
166.58,57.18,0.69,4.34,2520.68,3
172.82,57.12,0.72,3.31,2604.76,3
172.83,57.14,0.72,3.32,2603.98,3
156.01,57.26,0.71,6.56,2363.07,3
156.31,57.19,0.7,6.52,2368.34,3
156.36,57.13,0.66,6.52,2368.9,3
156.33,57.09,0.65,6.52,2370.06,3
156.37,57.01,0.65,6.53,2369.71,3
156.4,56.96,0.64,6.53,2370.29,3
156.4,56.9,0.65,6.53,2370.57,3
156.42,56.83,0.66,6.53,2370.08,3
156.41,56.75,0.65,6.53,2371.3,3
156.44,56.66,0.64,6.53,2372.04,3
173.5,56.55,0.73,3.36,2602.25,3
156.28,56.72,0.68,6.57,2369.06,3
156.31,56.62,0.66,6.56,2370.28,3
156.34,56.58,0.65,6.57,2372.54,3
156.4,56.53,0.64,6.55,2372.77,3
156.4,56.48,0.65,6.56,2373.34,3
156.41,56.45,0.64,6.56,2374.53,3
156.41,56.37,0.65,6.57,2375.37,3
156.42,56.35,0.63,6.57,2374.96,3
156.4,56.32,0.64,6.57,2375.75,3
156.39,56.27,0.62,6.57,2376.64,3
156.33,56.24,0.63,6.57,2376.57,3
156.34,56.18,0.63,6.58,2376.74,3
156.34,56.15,0.65,6.58,2376.43,3
156.34,56.07,0.64,6.57,2376.92,3
156.33,56.04,0.63,6.58,2375.23,3
156.34,56.04,0.62,6.58,2376.11,3
156.35,56.0,0.62,6.58,2376.6,3
156.38,55.98,0.62,6.58,2377.65,3
156.39,55.96,0.62,6.58,2378.11,3
156.39,55.92,0.62,6.59,2379.65,3
156.32,55.9,0.65,6.58,2377.43,3
156.35,55.88,0.63,6.58,2380.68,3
156.33,55.82,0.61,6.57,2379.6,3
156.33,55.82,0.63,6.57,2380.62,3
156.35,55.75,0.63,6.57,2381.34,3
156.35,55.76,0.62,6.58,2382.89,3
156.36,55.74,0.62,6.58,2386.26,3
156.34,55.7,0.62,6.57,2383.67,3
156.35,55.7,0.62,6.57,2379.59,3
156.37,55.68,0.62,6.58,2379.24,3
156.39,55.62,0.64,6.58,2380.35,20
156.51,54.83,0.61,6.57,2384.13,20
156.62,54.04,0.61,6.59,2390.79,20
156.74,53.4,0.6,6.59,2395.21,20
156.8,52.87,0.61,6.59,2400.39,20
156.86,52.35,0.6,6.6,2401.93,20
156.97,51.93,0.6,6.6,2406.45,20
157.06,51.56,0.6,6.61,2410.43,20
157.09,51.15,0.59,6.6,2412.36,20
157.18,50.83,0.59,6.61,2414.0,20
157.22,50.55,0.6,6.61,2416.64,20
157.3,50.3,0.6,6.61,2419.39,20
157.36,50.06,0.6,6.63,2420.17,20
157.42,49.83,0.6,6.62,2422.49,20
157.45,49.65,0.6,6.61,2422.36,20
157.5,49.44,0.59,6.61,2422.91,20
157.56,49.27,0.59,6.62,2425.56,20
157.6,49.1,0.59,6.62,2426.83,20
157.62,48.97,0.6,6.62,2426.38,20
157.65,48.83,0.6,6.62,2428.62,20
157.68,48.72,0.59,6.63,2430.66,20
157.73,48.6,0.6,6.63,2432.67,20
157.73,48.5,0.6,6.63,2433.41,20
157.77,48.4,0.6,6.63,2434.16,20
157.78,48.32,0.59,6.63,2436.66,20
157.83,48.26,0.6,6.64,2437.58,20
157.85,48.2,0.59,6.63,2438.96,20
157.86,48.13,0.59,6.63,2439.99,20
157.87,48.05,0.59,6.63,2439.26,20
157.91,48.01,0.59,6.63,2438.87,20
157.91,47.97,0.59,6.63,2437.02,20
157.91,47.88,0.6,6.63,2436.22,20
157.9,47.82,0.59,6.62,2437.04,20
157.95,47.77,0.6,6.63,2436.31,20
157.96,47.72,0.61,6.62,2437.45,20
157.96,47.68,0.61,6.63,2439.74,20
157.96,47.65,0.61,6.63,2440.36,20
157.98,47.61,0.61,6.63,2439.91,20
157.99,47.56,0.6,6.63,2440.12,20
158.01,47.54,0.6,6.64,2441.29,20
158.03,47.49,0.6,6.64,2442.9,20
158.06,47.47,0.6,6.64,2443.03,20
158.05,47.45,0.6,6.64,2442.8,20
158.08,47.42,0.6,6.64,2444.4,20
158.08,47.39,0.6,6.63,2443.7,20
158.09,47.38,0.6,6.64,2443.91,20
158.09,47.35,0.6,6.63,2443.93,20
158.09,47.32,0.6,6.65,2444.33,20
158.11,47.29,0.6,6.64,2445.25,20
158.13,47.28,0.6,6.65,2445.63,20
158.13,47.28,0.6,6.65,2445.41,20
158.12,47.24,0.6,6.65,2445.77,20
158.11,47.24,0.61,6.66,2445.18,20
158.11,47.22,0.6,6.65,2445.23,20
158.13,47.19,0.6,6.64,2447.04,20
158.14,47.15,0.6,6.64,2446.76,20
158.16,47.13,0.6,6.64,2445.28,20
158.18,47.11,0.6,6.63,2447.13,20
158.15,47.11,0.6,6.65,2446.37,20
158.13,47.09,0.6,6.63,2446.46,20
158.15,47.09,0.6,6.64,2445.68,20
158.15,47.08,0.6,6.63,2443.84,20
158.16,47.08,0.6,6.63,2442.25,20
158.16,47.06,0.6,6.63,2443.43,20
158.16,47.05,0.6,6.65,2442.9,20
158.17,47.01,0.6,6.63,2442.16,20
158.2,47.0,0.61,6.63,2442.52,20
158.17,47.0,0.61,6.63,2444.22,20
158.15,47.01,0.61,6.63,2442.13,20
158.19,46.96,0.62,6.63,2442.73,20
158.17,46.97,0.62,6.63,2443.11,20
158.19,46.99,0.62,6.63,2440.7,20
158.18,46.98,0.62,6.63,2439.73,20
158.19,46.92,0.6,6.64,2442.93,20
158.2,46.94,0.6,6.63,2440.39,20
158.19,46.93,0.59,6.63,2442.08,20
158.21,46.93,0.6,6.64,2443.84,20
158.22,46.95,0.6,6.64,2447.48,20
158.24,46.94,0.59,6.63,2450.23,20
158.23,46.91,0.59,6.63,2446.92,20
158.22,46.91,0.59,6.63,2446.01,20
158.23,46.89,0.59,6.63,2446.5,20
158.24,46.9,0.59,6.64,2448.67,20
158.23,46.91,0.59,6.63,2448.59,20
158.24,46.9,0.6,6.65,2445.06,20
158.22,46.89,0.6,6.63,2444.97,20
158.23,46.89,0.6,6.64,2448.16,20
158.25,46.88,0.6,6.63,2448.0,20
158.25,46.88,0.6,6.63,2449.37,20
158.24,46.87,0.61,6.63,2444.61,20
158.25,46.85,0.59,6.62,2443.22,20
158.24,46.83,0.59,6.62,2444.82,20
158.24,46.84,0.59,6.63,2444.38,20
158.23,46.85,0.59,6.64,2443.63,20
158.24,46.82,0.59,6.63,2443.07,20
158.25,46.8,0.59,6.64,2442.31,20
158.25,46.8,0.59,6.64,2442.53,20
158.25,46.8,0.59,6.63,2442.88,20
158.25,46.8,0.59,6.64,2442.14,20
158.25,46.8,0.59,6.64,2442.15,20
158.26,46.8,0.59,6.64,2442.04,20
158.25,46.79,0.59,6.63,2441.96,20
158.25,46.77,0.6,6.65,2442.75,20
158.26,46.75,0.6,6.64,2443.89,20
158.26,46.77,0.6,6.64,2445.81,20
158.28,46.77,0.6,6.64,2447.74,20
158.28,46.79,0.6,6.64,2448.51,20
158.27,46.78,0.6,6.64,2448.37,20
158.27,46.78,0.6,6.63,2449.39,20
158.28,46.77,0.6,6.63,2444.56,20
158.27,46.76,0.6,6.64,2443.51,20
158.28,46.74,0.6,6.64,2444.95,20
158.3,46.73,0.61,6.64,2447.4,20
158.3,46.71,0.6,6.63,2447.43,20
158.31,46.7,0.6,6.64,2449.7,20
158.32,46.69,0.6,6.63,2449.37,20
158.31,46.72,0.6,6.63,2446.76,20
158.33,46.71,0.6,6.63,2447.46,20
158.3,46.7,0.6,6.63,2447.64,20
158.3,46.69,0.6,6.63,2446.81,20
158.29,46.67,0.6,6.64,2447.13,20
158.3,46.67,0.59,6.65,2447.31,20
158.3,46.66,0.59,6.64,2446.07,20
158.31,46.65,0.59,6.64,2446.1,20
158.33,46.64,0.6,6.63,2445.05,20
158.31,46.64,0.61,6.65,2444.34,20
158.31,46.63,0.6,6.63,2443.18,20
158.32,46.63,0.6,6.64,2444.0,20
158.32,46.64,0.61,6.64,2447.71,20
158.33,46.63,0.6,6.64,2449.02,20
158.31,46.64,0.61,6.65,2450.51,20
158.32,46.62,0.6,6.63,2449.84,20
158.3,46.62,0.6,6.65,2450.94,20
158.3,46.61,0.59,6.63,2449.65,20
158.31,46.6,0.59,6.64,2448.55,20
158.31,46.6,0.59,6.64,2449.14,20
158.32,46.61,0.59,6.65,2450.23,20
158.33,46.62,0.59,6.63,2453.27,20
158.32,46.6,0.6,6.64,2455.12,20
158.32,46.6,0.58,6.65,2456.19,20
158.31,46.59,0.6,6.64,2452.93,20
158.31,46.59,0.7,6.64,2452.1,20
158.34,46.54,0.61,6.64,2452.32,20
158.33,46.56,0.61,6.65,2452.35,20
158.31,46.6,0.61,6.64,2452.52,20
158.33,46.61,0.61,6.65,2452.2,20
158.3,46.59,0.61,6.64,2453.14,20
158.34,46.58,0.6,6.64,2449.85,20
158.33,46.55,0.59,6.64,2446.63,20
158.32,46.56,0.6,6.62,2445.79,20
158.3,46.58,0.58,6.62,2448.6,20
158.31,46.59,0.58,6.62,2446.96,20
158.31,46.58,0.59,6.63,2445.54,20
158.31,46.54,0.59,6.63,2446.31,20
158.31,46.53,0.61,6.63,2447.42,20
158.31,46.51,0.61,6.63,2447.87,20
158.34,46.51,0.61,6.64,2447.39,20
158.3,46.52,0.61,6.64,2444.57,20
158.32,46.5,0.6,6.64,2445.46,20
158.32,46.49,0.6,6.63,2446.41,20
158.32,46.48,0.59,6.63,2445.8,20
158.33,46.47,0.6,6.65,2446.99,20
158.31,46.49,0.59,6.63,2447.23,20
158.33,46.51,0.59,6.63,2446.98,20
158.3,46.52,0.59,6.63,2446.87,20
158.33,46.49,0.59,6.64,2446.28,20
158.32,46.47,0.61,6.63,2444.72,20
158.33,46.45,0.6,6.64,2444.28,20
158.33,46.47,0.61,6.64,2445.28,20
158.33,46.46,0.61,6.63,2443.19,20
158.33,46.45,0.61,6.63,2441.75,20
158.34,46.46,0.61,6.64,2441.74,20
158.35,46.47,0.61,6.64,2438.66,20
158.36,46.5,0.61,6.64,2438.82,20
158.34,46.49,0.6,6.63,2438.43,20
158.35,46.49,0.61,6.64,2439.98,20
158.35,46.47,0.6,6.64,2442.76,20
158.35,46.49,0.61,6.64,2443.07,20
158.34,46.45,0.6,6.64,2441.13,20
158.34,46.46,0.61,6.63,2439.48,20
158.34,46.44,0.61,6.63,2439.32,20
158.35,46.43,0.62,6.64,2442.23,20
158.37,46.43,0.62,6.64,2442.14,20
158.36,46.45,0.62,6.63,2443.44,20
158.41,46.42,0.61,6.64,2446.06,20
158.37,46.43,0.62,6.64,2444.64,20
158.35,46.44,0.63,6.64,2442.77,20
158.37,46.45,0.63,6.64,2440.98,20
158.37,46.45,0.63,6.64,2441.07,20
158.41,46.42,0.63,6.64,2443.55,20
158.4,46.38,0.62,6.64,2445.06,20
158.38,46.37,0.62,6.64,2445.0,20
158.38,46.39,0.62,6.64,2445.04,20
158.39,46.38,0.62,6.65,2442.75,20
158.39,46.37,0.62,6.64,2442.9,20
158.39,46.37,0.63,6.65,2440.93,20
158.38,46.38,0.63,6.63,2437.23,20
158.39,46.39,0.63,6.64,2438.62,20
158.38,46.41,0.62,6.64,2444.92,20
158.38,46.39,0.62,6.64,2445.07,20
158.5,46.33,0.62,6.67,2448.04,20
158.53,46.34,0.62,6.66,2451.64,20
158.5,46.33,0.62,6.66,2452.81,20
158.5,46.34,0.62,6.66,2451.6,20
158.5,46.35,0.62,6.65,2449.43,20
158.51,46.35,0.62,6.65,2448.52,20
158.51,46.35,0.61,6.65,2447.38,20
158.5,46.34,0.62,6.67,2449.01,20
158.49,46.33,0.62,6.65,2445.34,20
158.5,46.28,0.61,6.64,2446.37,20
157.88,46.23,0.61,6.37,2473.66,20
158.09,46.17,0.61,6.33,2476.91,20
158.1,46.11,0.62,6.33,2474.32,20
158.11,46.08,0.62,6.32,2473.76,20
158.11,46.07,0.62,6.34,2474.16,20
158.09,46.05,0.62,6.32,2473.91,20
158.08,46.03,0.62,6.32,2472.98,20
158.09,46.02,0.62,6.32,2473.66,20
158.13,46.0,0.62,6.33,2472.18,20
158.13,46.0,0.63,6.34,2470.88,20
158.09,46.0,0.62,6.32,2469.38,20
157.97,45.99,0.63,6.35,2468.48,20
158.0,45.99,0.63,6.36,2472.21,20
158.0,45.96,0.63,6.35,2473.05,20
158.0,45.95,0.63,6.35,2475.03,20
158.02,45.93,0.63,6.35,2474.65,20
158.02,45.94,0.63,6.35,2475.43,20
158.0,45.95,0.63,6.35,2472.44,20
158.01,45.97,0.63,6.35,2470.85,20
158.0,45.98,0.63,6.35,2471.43,20
157.98,45.98,0.63,6.35,2474.24,20
157.92,45.98,0.63,6.37,2472.44,20
157.91,45.99,0.63,6.36,2470.85,20
157.91,46.01,0.62,6.36,2469.16,20
157.88,46.01,0.63,6.36,2467.59,20
157.9,46.01,0.63,6.36,2467.5,20
157.89,46.01,0.63,6.36,2466.46,20
157.89,46.04,0.63,6.37,2467.46,20
157.9,46.03,0.63,6.36,2466.16,20
157.9,46.01,0.63,6.36,2466.18,20
157.91,46.01,0.62,6.36,2467.91,20
157.87,46.0,0.63,6.35,2465.73,20
157.85,46.0,0.63,6.36,2465.5,20
157.87,46.01,0.63,6.37,2464.91,20
157.86,46.01,0.62,6.36,2465.63,20
157.85,46.0,0.62,6.37,2466.15,20
157.86,46.0,0.63,6.37,2466.03,20
157.87,45.98,0.63,6.37,2466.39,20
157.87,45.98,0.62,6.37,2469.37,20
157.87,45.98,0.62,6.37,2471.6,20
157.89,45.96,0.62,6.37,2471.51,20
158.1,45.99,0.62,6.47,2460.35,20
158.35,45.98,0.63,6.42,2463.05,20
158.37,45.98,0.62,6.42,2463.46,20
158.37,45.96,0.63,6.41,2461.15,20
158.37,45.95,0.62,6.42,2461.25,20
158.36,45.96,0.63,6.42,2459.82,20
158.36,45.95,0.63,6.43,2460.32,20
158.36,45.97,0.64,6.44,2461.82,20
158.36,45.96,0.64,6.41,2465.18,20
158.37,45.94,0.64,6.41,2465.4,20
158.38,45.94,0.64,6.42,2464.62,20
158.28,45.94,0.63,6.46,2463.76,20
158.29,45.94,0.63,6.46,2461.75,20
158.29,45.92,0.63,6.46,2461.98,20
158.3,45.91,0.64,6.46,2462.41,20
158.28,45.93,0.63,6.46,2462.75,20
158.29,45.91,0.63,6.46,2465.47,20
158.3,45.9,0.63,6.46,2463.69,20
158.29,45.88,0.63,6.46,2463.59,20
158.27,45.85,0.63,6.45,2461.55,20
158.28,45.86,0.62,6.45,2460.33,20
158.26,45.83,0.62,6.46,2463.6,20
158.25,45.84,0.61,6.46,2462.73,20
158.23,45.83,0.63,6.46,2458.59,20
158.23,45.83,0.63,6.46,2459.21,20
158.26,45.83,0.63,6.46,2460.21,20
158.29,45.79,0.63,6.46,2460.14,20
158.28,45.78,0.63,6.47,2460.52,20
158.26,45.8,0.63,6.47,2460.87,20
158.27,45.78,0.63,6.47,2463.68,20
158.28,45.77,0.62,6.47,2468.21,20
158.22,45.77,0.62,6.47,2467.57,20
158.22,45.76,0.62,6.47,2464.96,20
158.21,45.76,0.62,6.47,2466.85,20
158.23,45.74,0.62,6.48,2464.84,20
158.24,45.72,0.63,6.47,2466.41,20
158.24,45.71,0.62,6.47,2469.04,20
158.24,45.69,0.62,6.48,2470.44,20
158.24,45.7,0.62,6.47,2470.47,20
158.24,45.71,0.63,6.46,2469.75,20
158.25,45.72,0.62,6.47,2466.36,20
158.62,45.71,0.62,6.68,2459.96,20
158.87,45.7,0.62,6.62,2464.47,20
158.86,45.71,0.63,6.64,2463.48,20
158.87,45.71,0.62,6.64,2459.35,20
158.87,45.72,0.62,6.63,2460.37,20
158.86,45.74,0.62,6.63,2460.45,20
158.86,45.76,0.62,6.63,2460.05,20
158.86,45.72,0.62,6.64,2457.79,20
158.87,45.74,0.62,6.63,2459.8,20
158.87,45.76,0.62,6.64,2460.16,20
158.87,45.75,0.62,6.63,2459.07,20
158.79,45.75,0.61,6.66,2457.92,20
158.78,45.72,0.61,6.66,2460.33,20
158.78,45.73,0.62,6.66,2455.96,20
158.76,45.72,0.62,6.66,2454.69,20
158.75,45.7,0.62,6.66,2454.84,20
158.75,45.69,0.62,6.66,2457.67,20
158.76,45.71,0.62,6.67,2460.61,20
158.77,45.69,0.61,6.67,2460.86,20
158.75,45.73,0.61,6.67,2462.43,20
158.75,45.71,0.61,6.66,2463.46,20
158.68,45.69,0.61,6.67,2458.11,20
158.69,45.66,0.61,6.67,2452.74,20
158.69,45.65,0.62,6.67,2452.6,20
158.68,45.64,0.61,6.67,2452.77,20
158.68,45.66,0.61,6.68,2453.35,20
158.69,45.64,0.61,6.67,2452.41,20
158.68,45.63,0.62,6.68,2451.22,20
158.72,45.62,0.62,6.68,2452.09,20
158.7,45.61,0.62,6.67,2454.3,20
158.7,45.6,0.61,6.68,2453.75,20
158.64,45.59,0.61,6.67,2447.72,20
158.66,45.57,0.61,6.68,2447.36,20
158.64,45.58,0.61,6.68,2446.37,20
158.66,45.55,0.61,6.68,2448.38,20
158.67,45.56,0.61,6.69,2451.6,20
158.67,45.56,0.61,6.68,2454.46,20
158.67,45.56,0.6,6.67,2455.45,20
158.65,45.55,0.6,6.66,2454.2,20
158.67,45.52,0.6,6.68,2454.8,20
158.68,45.51,0.6,6.66,2455.54,20
158.56,45.42,0.6,6.66,2458.04,20
158.64,45.44,0.61,6.66,2456.41,20
158.64,45.43,0.61,6.66,2455.8,20
158.61,45.42,0.61,6.66,2458.96,20
158.63,45.41,0.6,6.66,2459.22,20
158.63,45.42,0.61,6.66,2458.53,20
158.64,45.41,0.61,6.67,2453.83,20
158.63,45.37,0.61,6.66,2454.73,20
158.65,45.37,0.61,6.66,2454.94,20
158.65,45.37,0.6,6.67,2455.97,20
158.09,45.31,0.61,6.38,2483.34,20
158.28,45.23,0.61,6.34,2484.9,20
158.27,45.18,0.61,6.35,2484.16,20
158.31,45.12,0.61,6.34,2485.12,20
158.29,45.1,0.61,6.33,2487.88,20
158.29,45.04,0.62,6.33,2487.6,20
158.29,45.0,0.61,6.33,2486.98,20
158.31,44.97,0.62,6.32,2487.49,20
158.29,44.96,0.61,6.34,2487.33,20
158.28,44.98,0.61,6.33,2486.37,20
158.28,44.98,0.61,6.33,2485.61,20
158.16,44.97,0.62,6.37,2483.48,20
158.17,44.99,0.62,6.37,2479.8,20
158.2,44.97,0.62,6.36,2481.17,20
158.19,44.94,0.62,6.37,2483.48,20
158.22,44.93,0.62,6.36,2486.35,20
158.24,44.95,0.62,6.36,2487.01,20
158.22,44.95,0.61,6.36,2483.67,20
158.24,44.9,0.61,6.36,2483.42,20
158.24,44.88,0.61,6.35,2484.09,20
158.21,44.89,0.61,6.36,2484.24,20
158.14,44.9,0.61,6.37,2483.54,20
158.13,44.92,0.61,6.37,2483.17,20
158.16,44.94,0.61,6.37,2484.98,20
158.13,44.94,0.59,6.38,2486.37,20
158.15,44.91,0.61,6.37,2485.93,20
158.14,44.91,0.61,6.37,2484.62,20
158.14,44.9,0.61,6.37,2482.8,20
158.16,44.9,0.61,6.37,2481.04,20
158.15,44.88,0.61,6.38,2480.37,20
158.16,44.85,0.62,6.38,2480.71,20
158.1,44.84,0.62,6.38,2481.86,20
158.11,44.85,0.61,6.37,2484.71,20
158.13,44.84,0.61,6.36,2486.19,20
158.12,44.86,0.61,6.37,2486.6,20
158.1,44.84,0.61,6.37,2482.65,20
158.12,44.84,0.61,6.36,2481.75,20
158.11,44.84,0.62,6.36,2481.72,20
158.12,44.83,0.61,6.37,2481.52,20
158.13,44.79,0.62,6.36,2481.88,20
158.13,44.79,0.62,6.37,2481.48,20
158.37,44.81,0.62,6.46,2470.59,20
158.58,44.83,0.62,6.42,2473.63,20
158.56,44.84,0.62,6.43,2472.55,20
158.56,44.82,0.62,6.42,2469.04,20
158.6,44.81,0.62,6.43,2468.35,20
158.6,44.82,0.63,6.43,2466.17,20
158.59,44.84,0.62,6.44,2466.24,20
158.6,44.83,0.62,6.44,2467.52,20
158.61,44.81,0.62,6.43,2471.35,20
158.6,44.8,0.61,6.42,2477.02,20
158.62,44.8,0.61,6.43,2474.56,20
158.52,44.79,0.61,6.47,2472.76,20
158.55,44.78,0.61,6.46,2473.1,20
158.55,44.77,0.62,6.46,2473.38,20
158.54,44.76,0.62,6.47,2473.72,20
158.53,44.74,0.61,6.46,2475.26,20
158.53,44.73,0.6,6.47,2474.49,20
158.52,44.74,0.61,6.46,2475.14,20
158.55,44.7,0.61,6.46,2475.93,20
158.53,44.7,0.61,6.46,2476.55,20
158.56,44.72,0.61,6.47,2476.76,20
158.51,44.72,0.62,6.48,2474.78,20
158.52,44.71,0.62,6.49,2475.37,20
158.53,44.69,0.61,6.48,2476.43,20
158.51,44.67,0.62,6.47,2473.62,20
158.52,44.65,0.62,6.48,2472.94,20
158.49,44.65,0.62,6.48,2473.45,20
158.51,44.63,0.62,6.48,2474.58,20
158.52,44.62,0.62,6.47,2476.05,20
158.51,44.63,0.62,6.48,2477.05,20
158.53,44.63,0.62,6.47,2477.41,20
158.47,44.6,0.61,6.47,2475.56,20
158.48,44.59,0.61,6.46,2476.75,20
158.46,44.58,0.61,6.47,2471.42,20
158.48,44.57,0.61,6.47,2469.67,20
158.47,44.57,0.61,6.47,2469.1,20
158.45,44.57,0.61,6.48,2467.36,20
158.47,44.54,0.62,6.49,2467.61,20
158.48,44.53,0.67,6.48,2468.13,20
158.49,44.5,0.69,6.47,2468.31,20
158.51,44.46,0.62,6.48,2471.1,20
158.9,44.47,0.62,6.68,2461.54,20
159.1,44.53,0.62,6.63,2464.35,20
159.09,44.57,0.61,6.63,2460.07,20
159.1,44.57,0.62,6.63,2459.9,20
159.11,44.59,0.61,6.63,2460.76,20
159.11,44.61,0.62,6.63,2461.96,20
159.07,44.61,0.62,6.63,2459.26,20
159.11,44.62,0.62,6.63,2463.54,20
159.11,44.61,0.61,6.63,2466.49,20
159.12,44.62,0.61,6.63,2469.53,20
159.11,44.63,0.61,6.65,2471.49,20
159.03,44.62,0.61,6.67,2471.33,20
159.0,44.64,0.61,6.67,2471.8,20
159.0,44.63,0.61,6.67,2470.92,20
159.01,44.64,0.61,6.66,2470.19,20
159.01,44.63,0.61,6.67,2470.86,20
159.0,44.64,0.61,6.67,2469.79,20
159.02,44.64,0.61,6.66,2467.56,20
158.99,44.61,0.61,6.66,2468.35,20
159.01,44.62,0.61,6.67,2470.37,20
159.0,44.62,0.61,6.67,2471.59,20
158.93,44.62,0.6,6.68,2466.49,20
158.94,44.61,0.6,6.69,2465.65,20
158.95,44.6,0.6,6.69,2467.44,20
158.96,44.6,0.6,6.68,2467.43,20
158.95,44.57,0.6,6.69,2466.98,20
158.94,44.56,0.61,6.68,2467.96,20
158.95,44.56,0.59,6.68,2469.34,20
158.96,44.59,0.61,6.67,2469.07,20
158.94,44.6,0.61,6.68,2468.55,20
158.94,44.59,0.61,6.67,2468.2,20
158.9,44.61,0.6,6.67,2467.78,20
158.92,44.59,0.6,6.66,2467.48,20
158.91,44.61,0.6,6.67,2465.18,20
158.91,44.6,0.61,6.68,2463.29,20
158.9,44.58,0.61,6.67,2464.24,20
158.91,44.54,0.61,6.67,2465.22,20
158.91,44.52,0.6,6.68,2466.47,20
158.91,44.52,0.61,6.69,2465.2,20
158.91,44.52,0.6,6.67,2465.24,20
158.92,44.53,0.6,6.68,2466.0,20
158.83,44.49,0.6,6.67,2466.34,20
158.93,44.48,0.6,6.67,2468.5,20
158.92,44.48,0.61,6.67,2468.44,20
158.92,44.48,0.6,6.66,2469.95,20
158.93,44.44,0.61,6.67,2470.1,20
158.93,44.43,0.6,6.66,2469.56,20
158.93,44.44,0.6,6.66,2469.54,20
158.92,44.41,0.6,6.66,2472.05,20
158.95,44.41,0.6,6.66,2469.94,20
158.95,44.41,0.6,6.68,2467.69,20
158.36,44.38,0.59,6.4,2497.21,20
158.53,44.28,0.61,6.35,2496.26,20
158.54,44.23,0.61,6.35,2497.31,20
158.53,44.2,0.61,6.35,2496.82,20
158.55,44.16,0.61,6.33,2494.8,20
158.55,44.15,0.61,6.33,2496.54,20
158.55,44.11,0.61,6.33,2495.83,20
158.55,44.09,0.61,6.33,2496.74,20
158.55,44.1,0.61,6.33,2497.68,20
158.55,44.1,0.61,6.33,2495.46,20
158.56,44.1,0.61,6.33,2490.49,20
158.44,44.09,0.61,6.36,2489.71,20
158.45,44.11,0.61,6.36,2489.79,20
158.46,44.1,0.62,6.35,2490.08,20
158.45,44.07,0.62,6.35,2491.65,20
158.46,44.08,0.62,6.36,2491.45,20
158.46,44.1,0.63,6.37,2491.82,20
158.46,44.12,0.62,6.36,2493.96,20
158.45,44.12,0.62,6.36,2493.0,20
158.45,44.16,0.61,6.37,2492.58,20
158.46,44.15,0.62,6.37,2490.44,20
158.38,44.17,0.62,6.37,2489.33,20
158.38,44.18,0.61,6.37,2489.89,20
158.39,44.15,0.61,6.37,2491.75,20
158.38,44.13,0.61,6.37,2491.51,20
158.38,44.12,0.6,6.38,2493.64,20
158.41,44.15,0.61,6.37,2494.46,20
158.41,44.13,0.61,6.37,2494.55,20
158.38,44.11,0.61,6.37,2490.49,20
158.4,44.11,0.61,6.37,2490.83,20
158.39,44.12,0.61,6.37,2490.59,20
158.35,44.12,0.61,6.36,2490.79,20
158.38,44.13,0.62,6.37,2496.11,20
158.33,44.14,0.62,6.38,2496.42,20
158.35,44.13,0.62,6.37,2486.4,20
158.35,44.13,0.61,6.37,2484.16,20
158.32,44.11,0.61,6.37,2483.63,20
158.32,44.11,0.62,6.36,2483.99,20
158.32,44.11,0.61,6.36,2485.44,20
158.31,44.12,0.61,6.36,2485.64,20
158.3,44.13,0.61,6.36,2486.86,20
158.55,44.11,0.62,6.46,2477.36,20
158.77,44.11,0.61,6.42,2477.82,20
158.79,44.12,0.62,6.42,2479.02,20
158.8,44.11,0.62,6.43,2479.84,20
158.79,44.1,0.61,6.43,2479.98,20
158.81,44.11,0.61,6.43,2480.6,20
158.82,44.15,0.61,6.43,2481.44,20
158.81,44.14,0.62,6.44,2479.6,20
158.81,44.11,0.62,6.43,2472.9,20
158.84,44.08,0.62,6.43,2476.88,20
158.85,44.08,0.62,6.43,2478.63,20
158.73,44.05,0.62,6.46,2476.72,20
158.74,44.08,0.61,6.46,2479.19,20
158.72,44.09,0.61,6.46,2475.97,20
158.73,44.05,0.61,6.46,2476.08,20
158.73,44.05,0.61,6.46,2475.53,20
158.76,44.03,0.6,6.45,2475.64,20
158.75,44.04,0.61,6.46,2476.93,20
158.73,44.05,0.62,6.46,2477.31,20
158.75,44.06,0.61,6.46,2478.8,20
158.75,44.06,0.62,6.46,2479.88,20
158.71,44.05,0.62,6.47,2480.14,20
158.68,44.06,0.62,6.47,2480.42,20
158.66,44.09,0.62,6.48,2480.92,20
158.66,44.09,0.62,6.47,2479.29,20
158.68,44.09,0.62,6.48,2479.31,20
158.68,44.05,0.62,6.48,2479.29,20
158.67,44.08,0.62,6.48,2479.82,20
158.69,44.06,0.61,6.48,2478.58,20
158.71,44.08,0.61,6.47,2477.37,20
158.69,44.09,0.61,6.47,2478.53,20
158.66,44.1,0.61,6.47,2476.08,20
158.66,44.08,0.61,6.47,2474.12,20
158.65,44.08,0.6,6.47,2473.95,20
158.64,44.08,0.61,6.46,2474.43,20
158.64,44.09,0.61,6.47,2474.99,20
158.64,44.1,0.61,6.47,2475.56,20
158.64,44.08,0.61,6.47,2475.5,20
158.64,44.1,0.61,6.46,2474.59,20
158.6,44.13,0.62,6.46,2470.75,20
158.61,44.13,0.62,6.46,2474.67,20
158.99,44.13,0.61,6.67,2464.9,20
159.23,44.18,0.61,6.63,2470.17,20
159.21,44.21,0.61,6.63,2472.59,20
159.22,44.24,0.61,6.64,2470.01,20
159.24,44.26,0.6,6.63,2467.77,20
159.22,44.29,0.61,6.63,2466.62,20
159.23,44.28,0.61,6.62,2468.1,20
159.22,44.29,0.61,6.62,2468.24,20
159.21,44.32,0.62,6.63,2468.0,20
159.22,44.33,0.61,6.62,2468.02,20
159.2,44.32,0.62,6.64,2469.48,20
159.11,44.34,0.61,6.66,2467.31,20
159.1,44.35,0.62,6.66,2464.28,20
159.11,44.35,0.62,6.66,2464.7,20
159.11,44.34,0.61,6.66,2464.95,20
159.13,44.35,0.62,6.67,2463.19,20
159.12,44.34,0.62,6.66,2462.4,20
159.11,44.34,0.62,6.67,2460.72,20
159.12,44.31,0.61,6.67,2461.13,20
159.13,44.29,0.61,6.66,2460.63,20
159.1,44.32,0.61,6.66,2460.24,20
159.03,44.31,0.62,6.67,2457.72,20
159.06,44.3,0.61,6.67,2459.35,20
159.06,44.32,0.61,6.68,2463.19,20
159.05,44.32,0.6,6.67,2464.49,20
159.04,44.35,0.61,6.67,2463.76,20
159.03,44.35,0.6,6.67,2464.69,20
159.03,44.38,0.6,6.67,2465.68,20
159.03,44.38,0.6,6.67,2466.12,20
159.04,44.37,0.61,6.67,2466.06,20
159.04,44.38,0.6,6.68,2463.78,20
158.97,44.38,0.6,6.67,2463.83,20
158.99,44.39,0.6,6.67,2464.31,20
159.01,44.39,0.6,6.67,2464.45,20
158.99,44.37,0.61,6.67,2463.9,20
158.97,44.38,0.62,6.67,2458.63,20
158.98,44.39,0.61,6.67,2456.83,20
158.97,44.4,0.61,6.66,2457.33,20
159.0,44.36,0.61,6.66,2458.58,20
159.01,44.37,0.61,6.66,2460.07,20
159.01,44.35,0.59,6.67,2461.67,20
158.94,44.32,0.6,6.66,2468.58,20
159.0,44.32,0.6,6.66,2468.93,20
158.99,44.33,0.6,6.66,2468.52,20
158.99,44.33,0.61,6.66,2465.86,20
158.97,44.34,0.61,6.66,2462.61,20
158.99,44.33,0.61,6.66,2457.26,20
158.98,44.31,0.61,6.66,2456.44,20
158.98,44.31,0.6,6.66,2457.67,20
158.99,44.31,0.61,6.67,2461.99,20
158.99,44.3,0.61,6.66,2463.65,20
158.4,44.28,0.61,6.38,2492.5,20
158.59,44.16,0.61,6.33,2490.8,20
158.59,44.11,0.61,6.33,2490.56,20
158.61,44.07,0.62,6.33,2489.78,20
158.61,44.05,0.61,6.33,2489.37,20
158.59,44.03,0.61,6.33,2488.62,20
158.61,44.01,0.61,6.32,2489.01,20
158.6,44.02,0.61,6.32,2488.5,20
158.59,44.03,0.61,6.32,2488.64,20
158.6,44.02,0.6,6.32,2488.47,20
158.59,44.04,0.6,6.33,2486.61,20
158.52,44.05,0.61,6.36,2485.51,20
158.51,44.06,0.6,6.35,2484.96,20
158.51,44.06,0.61,6.36,2483.65,20
158.49,44.03,0.61,6.35,2484.06,20
158.47,44.02,0.61,6.36,2482.93,20
158.48,44.04,0.6,6.35,2483.36,20
158.5,44.07,0.61,6.34,2485.34,20
158.5,44.05,0.61,6.36,2481.5,20
158.51,44.05,0.62,6.34,2480.55,20
158.52,44.08,0.62,6.35,2485.22,20
158.47,44.11,0.62,6.36,2485.71,20
158.44,44.08,0.61,6.36,2481.32,20
158.45,44.05,0.62,6.36,2483.44,20
158.44,44.05,0.62,6.36,2481.4,20
158.46,44.0,0.62,6.36,2481.59,20
158.44,44.0,0.62,6.36,2482.91,20
158.46,44.03,0.62,6.36,2481.87,20
158.45,44.04,0.61,6.35,2483.3,20
158.46,44.02,0.62,6.37,2482.51,20
158.45,44.03,0.61,6.36,2480.43,20
158.41,44.05,0.62,6.36,2480.76,20
158.41,44.05,0.62,6.36,2480.46,20
158.4,44.06,0.61,6.37,2482.37,20
158.4,44.08,0.61,6.37,2482.15,20
158.36,44.07,0.61,6.36,2481.46,20
158.36,44.08,0.62,6.36,2480.21,20
158.37,44.07,0.62,6.36,2480.68,20
158.37,44.06,0.62,6.37,2481.22,20
158.36,44.08,0.61,6.36,2482.46,20
158.36,44.07,0.61,6.35,2480.93,20
158.61,44.08,0.62,6.45,2470.73,20
158.84,44.09,0.61,6.41,2471.62,20
158.85,44.09,0.61,6.41,2470.79,20
158.85,44.07,0.61,6.41,2472.32,20
158.82,44.09,0.61,6.42,2470.88,20
158.85,44.09,0.61,6.41,2470.55,20
158.87,44.08,0.61,6.41,2470.47,20
158.85,44.05,0.61,6.42,2470.08,20
158.86,44.04,0.61,6.42,2469.71,20
158.86,44.05,0.61,6.42,2467.92,20
158.88,44.06,0.62,6.42,2467.5,20
158.77,44.07,0.6,6.45,2468.28,20
158.77,44.08,0.6,6.45,2467.32,20
158.79,44.08,0.6,6.44,2467.53,20
158.75,44.09,0.62,6.45,2467.81,20
158.79,44.08,0.61,6.43,2469.21,20
158.77,44.05,0.62,6.43,2466.9,20
158.78,44.05,0.61,6.44,2467.83,20
158.79,44.09,0.61,6.44,2469.03,20
158.74,44.09,0.61,6.45,2467.23,20
158.77,44.07,0.62,6.44,2471.16,20
158.72,44.07,0.62,6.45,2471.28,20
158.71,44.07,0.61,6.45,2468.63,20
158.7,44.08,0.62,6.46,2470.21,20
158.69,44.09,0.61,6.46,2470.55,20
158.69,44.12,0.61,6.45,2471.19,20
158.7,44.14,0.62,6.46,2471.55,20
158.68,44.14,0.62,6.47,2470.32,20
158.7,44.16,0.61,6.46,2467.65,20
158.68,44.17,0.61,6.46,2466.91,20
158.68,44.18,0.61,6.47,2467.66,20
158.64,44.17,0.61,6.46,2467.76,20
158.65,44.16,0.61,6.46,2467.71,20
158.65,44.16,0.61,6.46,2467.84,20
158.66,44.16,0.61,6.45,2469.15,20
158.64,44.18,0.6,6.45,2466.53,20
158.66,44.2,0.6,6.45,2465.93,20
158.63,44.21,0.6,6.45,2465.4,20
158.64,44.22,0.61,6.45,2465.22,20
158.63,44.21,0.61,6.46,2467.63,20
158.64,44.23,0.62,6.45,2467.45,20
159.04,44.26,0.61,6.66,2458.11,20
159.25,44.28,0.61,6.62,2459.63,20
159.24,44.33,0.61,6.62,2457.47,20
159.24,44.38,0.61,6.62,2457.21,20
159.24,44.38,0.62,6.62,2459.26,20
159.24,44.38,0.61,6.62,2459.4,20
159.2,44.41,0.61,6.63,2458.77,20
159.2,44.43,0.61,6.62,2457.39,20
159.21,44.47,0.61,6.62,2457.6,20
159.23,44.5,0.6,6.62,2458.57,20
159.21,44.51,0.61,6.62,2457.4,20
159.09,44.51,0.62,6.65,2453.31,20
159.13,44.49,0.62,6.63,2453.68,20
159.12,44.53,0.61,6.62,2452.3,20
159.12,44.52,0.7,6.64,2466.67,20
159.13,44.46,0.61,6.65,2467.03,20
159.12,44.44,0.61,6.65,2466.69,20
159.13,44.48,0.6,6.64,2466.29,20
159.14,44.5,0.6,6.64,2467.08,20
159.14,44.52,0.6,6.64,2468.37,20
159.11,44.53,0.6,6.66,2467.78,20
159.07,44.52,0.61,6.66,2469.31,20
159.04,44.55,0.6,6.67,2470.62,20
159.05,44.56,0.59,6.66,2470.21,20
159.04,44.58,0.59,6.66,2469.13,20
159.03,44.59,0.6,6.67,2468.34,20
159.04,44.6,0.6,6.66,2468.46,20
159.04,44.62,0.6,6.66,2468.47,20
159.03,44.65,0.59,6.65,2469.14,20
159.04,44.64,0.6,6.67,2470.41,20
159.01,44.67,0.59,6.66,2468.61,20
159.0,44.7,0.6,6.66,2466.21,20
158.96,44.69,0.6,6.66,2465.49,20
158.97,44.69,0.59,6.66,2462.71,20
158.95,44.72,0.6,6.66,2460.07,20
158.96,44.75,0.6,6.66,2460.05,20
158.97,44.75,0.61,6.67,2457.96,20
158.97,44.77,0.6,6.66,2457.8,20
158.95,44.79,0.59,6.66,2458.93,20
158.96,44.79,0.6,6.66,2460.09,20
158.96,44.82,0.6,6.66,2460.67,20
159.01,44.67,0.62,6.66,2465.3,100
159.29,43.33,0.61,6.67,2476.71,100
159.55,41.87,0.61,6.67,2489.08,100
159.72,40.89,0.61,6.66,2497.68,100
159.87,40.12,0.6,6.68,2504.22,100
159.99,39.46,0.59,6.67,2514.34,100
160.1,38.9,0.59,6.67,2513.88,100
160.17,38.44,0.58,6.68,2518.24,100
160.28,38.05,0.58,6.69,2521.8,100
160.34,37.7,0.58,6.67,2522.14,100
160.4,37.43,0.57,6.67,2527.91,100
160.47,37.18,0.57,6.67,2530.43,100
160.51,36.95,0.57,6.69,2532.19,100
160.57,36.75,0.57,6.68,2534.38,100
160.6,36.6,0.57,6.67,2536.03,100
160.64,36.45,0.56,6.7,2539.38,100
160.68,36.32,0.57,6.68,2539.84,100
160.72,36.21,0.56,6.68,2541.07,100
160.74,36.13,0.56,6.7,2542.72,100
160.75,36.06,0.57,6.68,2542.14,100
160.78,35.98,0.56,6.69,2542.96,100
160.83,35.91,0.56,6.68,2543.83,100
160.84,35.87,0.56,6.68,2544.26,100
160.84,35.8,0.56,6.7,2546.36,100
160.87,35.75,0.56,6.7,2548.25,100
160.89,35.72,0.56,6.68,2547.73,100
160.92,35.69,0.56,6.69,2542.41,100
160.93,35.65,0.56,6.7,2543.04,100
160.95,35.61,0.57,6.68,2542.45,100
160.91,35.59,0.57,6.68,2541.45,100
160.94,35.56,0.56,6.68,2541.59,100
160.94,35.53,0.56,6.68,2541.51,100
160.96,35.53,0.56,6.68,2542.29,100
160.98,35.52,0.56,6.68,2542.8,100
160.96,35.5,0.56,6.69,2541.5,100
160.97,35.5,0.56,6.69,2541.16,100
160.97,35.49,0.56,6.68,2545.46,100
160.98,35.48,0.56,6.68,2544.65,100
160.99,35.48,0.56,6.69,2545.73,100
160.99,35.46,0.56,6.7,2545.0,100
161.0,35.45,0.56,6.68,2546.01,100
160.99,35.45,0.56,6.69,2545.66,100
160.98,35.44,0.56,6.68,2545.54,100
161.01,35.43,0.56,6.68,2545.86,100
160.98,35.44,0.56,6.69,2544.58,100
161.0,35.43,0.56,6.68,2543.64,100
160.98,35.43,0.56,6.7,2545.22,100
161.0,35.44,0.55,6.69,2545.97,100
161.01,35.43,0.56,6.7,2547.1,100
161.01,35.44,0.56,6.67,2545.56,100
161.0,35.43,0.56,6.68,2545.43,100
161.0,35.45,0.56,6.7,2545.17,100
160.99,35.45,0.55,6.69,2543.78,100
161.0,35.44,0.56,6.7,2543.61,100
161.0,35.44,0.57,6.69,2543.84,100
160.99,35.44,0.56,6.7,2544.73,100
161.02,35.43,0.56,6.69,2545.02,100
161.0,35.42,0.57,6.7,2541.96,100
161.0,35.41,0.56,6.69,2542.48,100
161.02,35.41,0.57,6.69,2539.42,100
161.03,35.41,0.56,6.68,2541.79,100
161.03,35.42,0.56,6.68,2543.01,100
161.04,35.41,0.56,6.69,2542.4,100
161.04,35.41,0.56,6.68,2540.11,100
161.03,35.4,0.56,6.7,2540.17,100
161.04,35.39,0.57,6.69,2541.84,100
161.02,35.39,0.57,6.68,2543.34,100
161.04,35.39,0.58,6.68,2542.86,100
161.03,35.4,0.57,6.68,2540.97,100
161.02,35.38,0.56,6.69,2540.71,100
161.02,35.41,0.56,6.7,2545.78,100
161.03,35.4,0.56,6.69,2546.69,100
161.04,35.4,0.57,6.68,2545.79,100
161.04,35.4,0.56,6.7,2543.77,100
161.03,35.4,0.56,6.7,2543.91,100
161.02,35.41,0.57,6.69,2544.22,100
161.03,35.42,0.56,6.68,2543.44,100
161.04,35.41,0.56,6.68,2544.03,100
161.03,35.41,0.56,6.69,2543.6,100
161.02,35.41,0.56,6.68,2543.86,100
161.02,35.41,0.56,6.7,2545.9,100
161.02,35.41,0.56,6.69,2544.18,100
161.02,35.42,0.56,6.7,2543.45,100
161.04,35.42,0.57,6.69,2544.88,100
161.03,35.43,0.56,6.69,2545.22,100
161.02,35.44,0.56,6.7,2544.82,100
161.03,35.44,0.56,6.68,2544.82,100
161.04,35.43,0.56,6.7,2544.09,100
161.02,35.44,0.56,6.69,2544.76,100
161.05,35.44,0.56,6.68,2544.8,100
161.01,35.44,0.56,6.69,2543.51,100
161.01,35.45,0.56,6.69,2544.97,100
161.03,35.47,0.56,6.68,2545.65,100
161.02,35.47,0.56,6.68,2544.21,100
161.01,35.47,0.56,6.69,2545.17,100
161.02,35.47,0.56,6.7,2547.03,100
161.03,35.48,0.56,6.68,2545.9,100
161.02,35.5,0.56,6.7,2545.6,100
161.04,35.5,0.57,6.69,2543.98,100
161.04,35.51,0.56,6.7,2543.39,100
161.01,35.52,0.56,6.7,2544.56,100
161.01,35.52,0.56,6.69,2545.34,100
161.0,35.52,0.56,6.7,2544.47,100
161.02,35.53,0.56,6.69,2544.66,100
161.03,35.53,0.57,6.68,2545.2,100
161.02,35.53,0.57,6.69,2542.67,100
161.02,35.55,0.56,6.69,2544.02,100
161.0,35.55,0.56,6.67,2544.2,100
161.01,35.56,0.56,6.7,2541.92,100
161.03,35.55,0.56,6.7,2541.64,100
161.03,35.55,0.56,6.69,2542.01,100
161.03,35.54,0.56,6.69,2541.3,100
161.03,35.54,0.56,6.68,2541.09,100
161.02,35.55,0.57,6.69,2542.2,100
161.02,35.54,0.56,6.68,2542.78,100
161.04,35.54,0.57,6.7,2541.16,100
161.03,35.54,0.57,6.68,2542.93,100
161.03,35.54,0.57,6.68,2542.01,100
161.01,35.54,0.56,6.69,2540.39,100
160.99,35.54,0.56,6.68,2540.36,100
161.01,35.53,0.56,6.68,2540.1,100
161.01,35.53,0.56,6.7,2539.9,100
161.01,35.53,0.55,6.68,2540.42,100
161.02,35.52,0.55,6.69,2541.68,100
161.03,35.51,0.56,6.7,2541.29,100
161.02,35.5,0.56,6.69,2542.31,100
161.03,35.5,0.56,6.68,2541.88,100
161.02,35.49,0.56,6.7,2540.37,100
161.03,35.48,0.56,6.68,2540.88,100
161.02,35.48,0.56,6.7,2540.83,100
161.05,35.48,0.56,6.68,2540.38,100
161.04,35.48,0.56,6.69,2540.41,100
161.03,35.47,0.56,6.68,2540.65,100
161.03,35.48,0.56,6.7,2541.04,100
161.04,35.47,0.56,6.69,2543.89,100
161.03,35.48,0.56,6.68,2547.27,100
161.02,35.48,0.56,6.7,2544.23,100
161.01,35.49,0.55,6.68,2543.06,100
161.01,35.48,0.55,6.69,2543.59,100
161.02,35.47,0.55,6.69,2544.13,100
161.03,35.47,0.56,6.69,2544.6,100
161.02,35.48,0.55,6.7,2544.9,100
161.04,35.48,0.55,6.71,2546.75,100
161.06,35.47,0.55,6.7,2547.86,100
161.06,35.47,0.57,6.69,2548.71,100
161.04,35.48,0.56,6.7,2548.18,100
161.06,35.47,0.56,6.68,2548.36,100
161.04,35.47,0.55,6.69,2548.94,100
161.03,35.48,0.56,6.69,2547.93,100
161.04,35.48,0.56,6.68,2547.07,100
161.04,35.47,0.56,6.68,2549.51,100
161.05,35.46,0.56,6.7,2549.88,100
161.07,35.47,0.56,6.69,2548.12,100
161.05,35.46,0.56,6.7,2549.27,100
161.03,35.46,0.55,6.69,2548.51,100
161.06,35.45,0.55,6.69,2543.01,100
161.07,35.45,0.56,6.69,2545.16,100
161.05,35.46,0.55,6.69,2543.86,100
161.05,35.45,0.56,6.69,2543.85,100
161.03,35.44,0.56,6.69,2544.01,100
161.03,35.44,0.56,6.7,2545.37,100
161.04,35.44,0.55,6.68,2544.57,100
161.04,35.43,0.56,6.68,2544.5,100
161.03,35.43,0.55,6.69,2543.04,100
161.04,35.44,0.55,6.7,2543.87,100
161.04,35.43,0.55,6.69,2547.35,100
161.04,35.42,0.55,6.69,2547.86,100
161.06,35.42,0.55,6.7,2547.45,100
161.03,35.41,0.54,6.69,2547.77,100
161.05,35.4,0.54,6.7,2549.07,100
161.05,35.41,0.54,6.68,2549.73,100
161.05,35.41,0.55,6.69,2548.59,100
161.04,35.4,0.55,6.69,2547.35,100
161.06,35.42,0.54,6.69,2548.37,100
161.06,35.42,0.55,6.69,2547.47,100
161.06,35.42,0.55,6.68,2547.8,100
161.06,35.43,0.55,6.7,2545.87,100
161.05,35.42,0.55,6.7,2547.75,100
161.06,35.42,0.55,6.69,2549.3,100
161.05,35.43,0.56,6.7,2548.84,100
161.06,35.43,0.55,6.7,2550.0,100
161.05,35.44,0.55,6.69,2547.79,100
161.05,35.44,0.55,6.7,2547.73,100
161.03,35.45,0.56,6.7,2543.82,100
161.04,35.46,0.56,6.7,2543.81,100
161.03,35.48,0.55,6.7,2544.41,100
161.03,35.5,0.56,6.7,2545.07,100
161.04,35.51,0.55,6.7,2544.63,100
161.04,35.51,0.56,6.69,2542.19,100
161.05,35.51,0.56,6.69,2542.09,100
161.04,35.52,0.56,6.68,2542.71,100
161.05,35.53,0.56,6.68,2540.64,100
161.05,35.53,0.56,6.7,2541.33,100
161.04,35.54,0.55,6.68,2541.59,100
161.05,35.54,0.55,6.7,2541.36,100
161.03,35.54,0.55,6.7,2543.02,100
161.04,35.54,0.55,6.68,2545.9,100
161.03,35.55,0.54,6.69,2545.56,100
161.02,35.55,0.54,6.68,2545.04,100
161.02,35.57,0.54,6.69,2546.8,100
161.16,35.54,0.54,6.7,2555.56,100
161.18,35.56,0.54,6.7,2551.3,100
161.16,35.57,0.55,6.69,2548.8,100
161.14,35.58,0.54,6.71,2552.35,100
161.16,35.59,0.55,6.71,2550.89,100
161.17,35.6,0.55,6.71,2550.3,100
161.15,35.59,0.55,6.72,2550.23,100
161.15,35.61,0.55,6.7,2549.71,100
161.16,35.62,0.55,6.72,2549.26,100
161.13,35.65,0.55,6.71,2551.58,100
160.48,35.63,0.55,6.45,2578.01,100
160.71,35.6,0.55,6.39,2579.74,100
160.71,35.59,0.55,6.4,2577.75,100
160.71,35.57,0.54,6.4,2577.59,100
160.68,35.58,0.55,6.4,2577.95,100
160.7,35.57,0.54,6.39,2578.33,100
160.7,35.58,0.55,6.39,2578.44,100
160.7,35.62,0.56,6.39,2577.22,100
160.7,35.63,0.55,6.39,2579.29,100
160.67,35.64,0.55,6.39,2582.47,100
160.67,35.65,0.55,6.39,2579.52,100
160.56,35.65,0.55,6.42,2579.8,100
160.57,35.67,0.55,6.42,2578.38,100
160.58,35.66,0.55,6.42,2577.61,100
160.6,35.66,0.55,6.42,2579.87,100
160.58,35.66,0.54,6.42,2578.41,100
160.58,35.66,0.55,6.42,2579.21,100
160.58,35.67,0.54,6.42,2578.68,100
160.55,35.67,0.54,6.41,2579.91,100
160.57,35.68,0.55,6.41,2577.13,100
160.56,35.68,0.55,6.42,2577.81,100
160.51,35.69,0.54,6.43,2579.29,100
160.49,35.69,0.54,6.43,2579.49,100
160.49,35.69,0.54,6.43,2578.33,100
160.51,35.71,0.54,6.43,2578.8,100
160.5,35.71,0.54,6.43,2577.75,100
160.5,35.7,0.53,6.43,2576.7,100
160.49,35.7,0.54,6.43,2575.1,100
160.48,35.71,0.54,6.42,2573.86,100
160.49,35.71,0.54,6.43,2576.84,100
160.51,35.71,0.53,6.43,2580.28,100
160.45,35.72,0.54,6.44,2581.37,100
160.43,35.72,0.53,6.43,2580.62,100
160.43,35.74,0.53,6.43,2580.14,100
160.44,35.74,0.53,6.43,2576.88,100
160.43,35.74,0.54,6.42,2572.74,100
160.45,35.74,0.53,6.43,2575.15,100
160.45,35.75,0.54,6.43,2575.35,100
160.46,35.75,0.54,6.44,2575.09,100
160.44,35.76,0.54,6.43,2574.9,100
160.43,35.78,0.54,6.43,2574.8,100
160.67,35.79,0.54,6.53,2564.4,100
160.92,35.8,0.54,6.48,2569.77,100
160.92,35.81,0.53,6.48,2567.65,100
160.92,35.83,0.53,6.49,2569.27,100
160.9,35.85,0.53,6.49,2571.17,100
160.91,35.86,0.54,6.48,2570.47,100
160.89,35.87,0.54,6.49,2567.73,100
160.91,35.88,0.54,6.48,2564.99,100
160.89,35.89,0.53,6.49,2566.17,100
160.91,35.89,0.64,6.48,2568.57,100
160.93,35.86,0.53,6.49,2569.22,100
160.8,35.87,0.53,6.51,2568.77,100
160.8,35.87,0.54,6.51,2555.2,100
160.79,35.88,0.54,6.5,2553.89,100
160.79,35.89,0.53,6.51,2554.6,100
160.78,35.9,0.54,6.51,2554.01,100
160.77,35.9,0.54,6.5,2553.74,100
160.78,35.91,0.55,6.51,2552.63,100
160.77,35.91,0.54,6.51,2552.13,100
160.78,35.92,0.55,6.51,2553.73,100
160.79,35.94,0.54,6.51,2553.87,100
160.72,35.94,0.54,6.53,2551.25,100
160.7,35.95,0.55,6.53,2552.06,100
160.66,35.94,0.55,6.53,2550.61,100
160.69,35.94,0.54,6.52,2550.9,100
160.69,35.94,0.54,6.52,2550.55,100
160.68,35.96,0.54,6.52,2550.52,100
160.68,35.96,0.55,6.52,2550.78,100
160.68,35.97,0.54,6.52,2550.21,100
160.69,35.96,0.55,6.52,2551.26,100
160.7,35.97,0.55,6.52,2551.43,100
160.63,35.96,0.55,6.53,2550.93,100
160.65,35.97,0.55,6.53,2551.79,100
160.66,35.98,0.55,6.54,2554.03,100
160.65,35.97,0.55,6.52,2551.46,100
160.62,35.99,0.55,6.51,2547.9,100
160.62,35.98,0.55,6.52,2550.03,100
160.62,35.99,0.56,6.53,2549.84,100
160.61,35.98,0.55,6.52,2549.52,100
160.62,36.01,0.55,6.53,2548.89,100
160.65,36.01,0.55,6.52,2550.28,100
161.03,36.03,0.55,6.71,2540.36,100
161.27,36.03,0.54,6.67,2541.65,100
161.28,36.05,0.56,6.66,2539.28,100
161.27,36.08,0.55,6.66,2538.19,100
161.27,36.09,0.55,6.66,2537.93,100
161.26,36.11,0.55,6.67,2537.69,100
161.26,36.12,0.55,6.66,2536.9,100
161.27,36.12,0.56,6.67,2536.99,100
161.27,36.12,0.54,6.66,2538.9,100
161.26,36.14,0.55,6.67,2538.78,100
161.27,36.15,0.56,6.66,2539.63,100
161.17,36.17,0.55,6.7,2537.54,100
161.15,36.16,0.55,6.69,2536.7,100
161.16,36.17,0.55,6.7,2536.43,100
161.18,36.18,0.56,6.7,2535.33,100
161.16,36.18,0.56,6.69,2534.45,100
161.18,36.19,0.55,6.69,2535.41,100
161.18,36.19,0.55,6.69,2537.55,100
161.17,36.19,0.55,6.69,2540.12,100
161.17,36.21,0.55,6.69,2542.29,100
161.14,36.2,0.55,6.69,2544.11,100
161.06,36.23,0.54,6.71,2542.3,100
161.08,36.23,0.55,6.71,2542.72,100
161.07,36.24,0.55,6.71,2540.28,100
161.06,36.24,0.55,6.71,2537.94,100
161.06,36.23,0.55,6.71,2538.44,100
161.04,36.23,0.56,6.71,2538.86,100
161.06,36.24,0.55,6.71,2537.15,100
161.06,36.23,0.54,6.71,2538.27,100
161.05,36.21,0.55,6.7,2537.71,100
161.06,36.24,0.55,6.71,2538.38,100
161.01,36.26,0.55,6.7,2539.07,100
161.01,36.26,0.56,6.72,2536.77,100
161.0,36.26,0.55,6.71,2533.85,100
161.0,36.26,0.55,6.71,2532.31,100
161.0,36.27,0.56,6.72,2531.44,100
160.98,36.29,0.55,6.69,2531.4,100
161.0,36.3,0.56,6.7,2530.35,100
160.99,36.31,0.56,6.71,2531.13,100
161.01,36.3,0.55,6.7,2535.17,100
161.01,36.31,0.55,6.71,2536.42,100
160.86,36.26,0.54,6.71,2538.8,100
160.91,36.27,0.54,6.7,2537.99,100
160.89,36.28,0.55,6.69,2535.23,100
160.91,36.28,0.55,6.69,2532.99,100
160.9,36.28,0.55,6.7,2532.94,100
160.88,36.3,0.55,6.69,2535.33,100
160.91,36.29,0.55,6.69,2535.31,100
160.91,36.29,0.54,6.7,2536.99,100
160.91,36.3,0.55,6.69,2537.9,100
160.89,36.32,0.54,6.7,2536.76,100
160.26,36.3,0.54,6.43,2561.44,100
160.43,36.26,0.55,6.39,2564.14,100
160.45,36.24,0.54,6.38,2563.95,100
160.45,36.21,0.55,6.38,2564.46,100
160.45,36.19,0.55,6.38,2561.48,100
160.44,36.19,0.55,6.38,2560.5,100
160.45,36.19,0.55,6.37,2560.48,100
160.46,36.19,0.55,6.37,2560.0,100
160.45,36.19,0.55,6.38,2560.24,100
160.43,36.19,0.55,6.38,2560.04,100
160.45,36.22,0.54,6.38,2560.17,100
160.34,36.23,0.54,6.4,2558.83,100
160.32,36.23,0.55,6.41,2558.59,100
160.32,36.26,0.54,6.41,2558.33,100
160.32,36.27,0.54,6.4,2558.51,100
160.35,36.26,0.54,6.41,2558.75,100
160.32,36.29,0.54,6.41,2557.46,100
160.35,36.3,0.55,6.41,2556.11,100
160.34,36.31,0.54,6.41,2556.65,100
160.35,36.32,0.54,6.41,2556.95,100
160.35,36.32,0.54,6.41,2557.77,100
160.25,36.33,0.55,6.42,2556.15,100
160.24,36.33,0.55,6.42,2556.78,100
160.21,36.35,0.55,6.42,2555.27,100
160.2,36.36,0.55,6.42,2553.03,100
160.21,36.36,0.55,6.42,2556.96,100
160.22,36.36,0.55,6.42,2558.46,100
160.21,36.36,0.54,6.42,2557.67,100
160.21,36.37,0.54,6.42,2557.59,100
160.21,36.35,0.55,6.42,2557.0,100
160.23,36.36,0.55,6.42,2557.56,100
160.17,36.35,0.55,6.41,2556.84,100
160.18,36.36,0.55,6.42,2555.9,100
160.16,36.36,0.54,6.41,2554.86,100
160.18,36.35,0.55,6.41,2555.22,100
160.18,36.36,0.54,6.42,2556.05,100
160.19,36.37,0.55,6.42,2556.78,100
160.2,36.35,0.55,6.42,2555.57,100
160.2,36.34,0.55,6.42,2556.84,100
160.2,36.34,0.55,6.42,2559.15,100
160.19,36.34,0.56,6.42,2560.27,100
160.5,36.35,0.55,6.51,2549.1,100
160.72,36.35,0.56,6.47,2551.22,100
160.69,36.35,0.55,6.47,2550.77,100
160.71,36.35,0.55,6.48,2551.01,100
160.7,36.35,0.55,6.47,2552.19,100
160.69,36.35,0.55,6.48,2552.11,100
160.68,36.36,0.55,6.48,2551.87,100
160.73,36.36,0.55,6.48,2552.92,100
160.74,36.37,0.55,6.47,2551.88,100
160.73,36.37,0.56,6.48,2552.85,100
160.73,36.38,0.55,6.48,2550.93,100
160.64,36.36,0.55,6.51,2552.37,100
160.63,36.36,0.55,6.51,2552.47,100
160.62,36.37,0.55,6.51,2552.93,100
160.64,36.36,0.55,6.51,2553.06,100
160.63,36.36,0.55,6.51,2552.87,100
160.64,36.35,0.55,6.51,2553.3,100
160.64,36.33,0.55,6.5,2552.75,100
160.63,36.33,0.54,6.51,2552.72,100
160.67,36.3,0.55,6.51,2553.17,100
160.67,36.28,0.55,6.51,2552.38,100
160.59,36.27,0.55,6.52,2549.77,100
160.61,36.25,0.55,6.52,2548.36,100
160.62,36.23,0.55,6.52,2552.1,100
160.6,36.21,0.55,6.52,2553.49,100
160.61,36.19,0.54,6.52,2554.01,100
160.63,36.18,0.55,6.52,2555.34,100
160.64,36.19,0.55,6.52,2554.65,100
160.62,36.18,0.54,6.52,2553.23,100
160.62,36.19,0.55,6.52,2556.14,100
160.61,36.19,0.54,6.52,2553.7,100
160.57,36.17,0.55,6.52,2553.13,100
160.56,36.14,0.54,6.52,2552.97,100
160.57,36.15,0.54,6.52,2552.44,100
160.56,36.13,0.54,6.51,2552.07,100
160.55,36.14,0.55,6.52,2550.88,100
160.55,36.13,0.54,6.52,2550.63,100
160.58,36.12,0.54,6.52,2550.01,100
160.56,36.12,0.55,6.52,2551.54,100
160.59,36.11,0.54,6.51,2552.44,100
160.57,36.11,0.54,6.51,2552.04,100
160.96,36.1,0.54,6.71,2543.0,100
161.23,36.12,0.54,6.66,2544.78,100
161.2,36.13,0.54,6.66,2544.32,100
161.2,36.15,0.54,6.66,2544.96,100
161.2,36.16,0.54,6.66,2543.17,100
161.23,36.18,0.54,6.66,2541.45,100
161.21,36.18,0.53,6.66,2541.69,100
161.2,36.18,0.54,6.66,2542.38,100
161.21,36.19,0.54,6.66,2542.49,100
161.2,36.19,0.54,6.66,2542.44,100
161.19,36.2,0.53,6.67,2542.38,100
161.1,36.2,0.53,6.69,2541.15,100
161.09,36.2,0.53,6.69,2541.39,100
161.09,36.21,0.54,6.69,2542.44,100
161.1,36.22,0.54,6.7,2542.21,100
161.13,36.22,0.54,6.7,2542.53,100
161.11,36.23,0.54,6.69,2541.47,100
161.12,36.24,0.53,6.69,2541.38,100
161.11,36.25,0.54,6.69,2540.73,100
161.12,36.25,0.53,6.69,2541.34,100
161.11,36.25,0.54,6.69,2541.84,100
161.01,36.26,0.54,6.71,2542.88,100
161.03,36.26,0.53,6.71,2544.01,100
161.04,36.25,0.54,6.7,2544.49,100
161.03,36.25,0.53,6.7,2541.67,100
161.02,36.25,0.53,6.7,2542.75,100
161.04,36.27,0.53,6.7,2544.99,100
161.02,36.28,0.54,6.71,2540.84,100
160.99,36.29,0.53,6.71,2541.41,100
161.01,36.3,0.54,6.71,2540.6,100
161.01,36.3,0.54,6.7,2544.1,100
160.93,36.3,0.54,6.7,2543.25,100
160.95,36.31,0.53,6.7,2542.29,100
160.94,36.32,0.53,6.71,2540.08,100
160.96,36.31,0.53,6.71,2540.24,100
160.94,36.33,0.53,6.69,2537.16,100
160.92,36.31,0.53,6.7,2539.71,100
160.92,36.32,0.53,6.71,2540.64,100
160.94,36.32,0.52,6.71,2542.09,100
160.93,36.34,0.53,6.71,2540.67,100
160.92,36.34,0.54,6.71,2537.71,100
160.88,36.3,0.54,6.7,2542.29,100
160.92,36.31,0.54,6.69,2539.69,100
160.92,36.31,0.54,6.69,2541.98,100
160.94,36.32,0.53,6.69,2539.76,100
160.92,36.32,0.54,6.7,2542.89,100
160.92,36.31,0.54,6.69,2539.21,100
160.92,36.32,0.53,6.7,2539.22,100
160.93,36.32,0.54,6.71,2540.12,100
160.93,36.32,0.54,6.69,2537.39,100
160.93,36.32,0.54,6.7,2537.57,100
160.27,36.31,0.53,6.42,2566.74,100
160.47,36.27,0.53,6.38,2567.49,100
160.47,36.25,0.54,6.38,2568.71,100
160.47,36.22,0.54,6.38,2565.18,100
160.48,36.2,0.54,6.38,2568.67,100
160.48,36.2,0.54,6.37,2565.58,100
160.48,36.2,0.54,6.38,2567.83,100
160.49,36.21,0.54,6.37,2564.95,100
160.49,36.2,0.54,6.37,2565.92,100
160.48,36.2,0.54,6.38,2562.62,100
160.49,36.23,0.53,6.37,2562.39,100
160.4,36.22,0.54,6.39,2560.85,100
160.42,36.23,0.54,6.4,2563.35,100
160.38,36.24,0.53,6.39,2560.92,100
160.36,36.25,0.54,6.4,2563.18,100
160.37,36.26,0.53,6.39,2559.52,100
160.35,36.26,0.54,6.4,2559.96,100
160.37,36.28,0.54,6.39,2563.8,100
160.36,36.3,0.53,6.39,2559.69,100
160.36,36.3,0.54,6.4,2560.48,100
160.39,36.29,0.54,6.39,2561.57,100
160.29,36.31,0.54,6.41,2557.52,100
160.3,36.31,0.54,6.41,2556.11,100
160.31,36.3,0.54,6.41,2560.63,100
160.31,36.31,0.55,6.42,2565.11,100
160.32,36.31,0.54,6.41,2562.14,100
160.28,36.31,0.54,6.41,2555.09,100
160.27,36.32,0.54,6.41,2554.41,100
160.26,36.32,0.54,6.42,2553.82,100
160.25,36.33,0.54,6.41,2554.27,100
160.26,36.33,0.54,6.41,2556.69,100
160.2,36.33,0.54,6.41,2557.06,100
160.19,36.34,0.54,6.4,2555.66,100
160.2,36.34,0.54,6.41,2557.88,100
160.18,36.33,0.54,6.41,2554.56,100
160.18,36.34,0.55,6.41,2554.71,100
160.2,36.35,0.54,6.41,2555.59,100
160.2,36.36,0.54,6.41,2554.48,100
160.19,36.36,0.54,6.41,2556.75,100
160.19,36.37,0.54,6.41,2553.42,100
160.2,36.35,0.54,6.41,2557.96,100
160.47,36.35,0.54,6.5,2543.75,100
160.69,36.35,0.54,6.47,2545.7,100
160.7,36.35,0.54,6.47,2546.58,100
160.73,36.35,0.54,6.46,2549.31,100
160.71,36.35,0.54,6.47,2546.35,100
160.7,36.35,0.53,6.47,2547.56,100
160.71,36.35,0.54,6.47,2548.81,100
160.74,36.36,0.54,6.47,2547.78,100
160.76,36.35,0.54,6.47,2551.25,100
160.8,36.34,0.54,6.47,2550.21,100
160.76,36.34,0.55,6.47,2549.08,100
160.65,36.34,0.55,6.5,2547.95,100
160.65,36.33,0.55,6.49,2547.77,100
160.65,36.33,0.55,6.5,2547.54,100
160.65,36.31,0.54,6.5,2548.07,100
160.65,36.31,0.54,6.5,2548.98,100
160.67,36.31,0.55,6.49,2549.39,100
160.64,36.29,0.53,6.5,2547.48,100
160.66,36.28,0.54,6.5,2547.31,100
160.64,36.27,0.54,6.49,2545.59,100
160.65,36.26,0.54,6.5,2547.95,100
160.6,36.26,0.54,6.51,2545.95,100
160.56,36.26,0.54,6.51,2544.97,100
160.58,36.24,0.54,6.51,2548.17,100
160.58,36.26,0.54,6.51,2546.91,100
160.59,36.27,0.54,6.51,2546.55,100
160.59,36.26,0.55,6.51,2547.31,100
160.57,36.27,0.53,6.52,2548.21,100
160.6,36.26,0.55,6.51,2548.6,100
160.6,36.26,0.55,6.52,2548.62,100
160.61,36.25,0.58,6.51,2547.69,100
160.54,36.21,0.55,6.51,2545.51,100
160.57,36.19,0.54,6.51,2545.06,100
160.56,36.2,0.54,6.51,2547.57,100
160.56,36.19,0.55,6.51,2547.22,100
160.56,36.19,0.54,6.52,2547.12,100
160.58,36.18,0.54,6.51,2546.89,100
160.58,36.17,0.55,6.51,2547.06,100
160.57,36.16,0.54,6.51,2547.48,100
160.61,36.17,0.54,6.51,2547.57,100
160.59,36.16,0.54,6.52,2547.43,100
160.98,36.18,0.55,6.7,2539.43,100
161.22,36.19,0.55,6.66,2538.87,100
161.22,36.19,0.54,6.66,2538.23,100
161.23,36.2,0.54,6.66,2538.76,100
161.2,36.22,0.54,6.66,2540.04,100
161.21,36.22,0.54,6.65,2540.08,100
161.21,36.21,0.55,6.66,2539.61,100
161.2,36.22,0.55,6.66,2539.09,100
161.2,36.2,0.55,6.66,2539.88,100
161.19,36.2,0.54,6.66,2541.45,100
161.21,36.2,0.55,6.66,2542.18,100
161.1,36.22,0.55,6.69,2540.54,100
161.1,36.21,0.55,6.68,2540.72,100
161.12,36.22,0.55,6.69,2539.65,100
161.11,36.23,0.55,6.69,2539.45,100
161.1,36.22,0.54,6.69,2539.79,100
161.08,36.23,0.55,6.68,2540.28,100
161.09,36.22,0.55,6.68,2541.84,100
161.09,36.23,0.55,6.67,2541.12,100
161.1,36.24,0.55,6.68,2540.74,100
161.1,36.23,0.55,6.69,2539.91,100
161.01,36.23,0.55,6.7,2538.77,100
161.01,36.22,0.54,6.69,2538.27,100
161.02,36.19,0.55,6.69,2539.41,100
161.03,36.18,0.55,6.69,2537.07,100
161.03,36.16,0.55,6.7,2538.0,100
161.02,36.16,0.55,6.69,2537.58,100
161.02,36.17,0.55,6.69,2537.84,100
161.03,36.18,0.55,6.7,2536.65,100
161.02,36.16,0.55,6.7,2536.29,100
161.04,36.16,0.55,6.69,2538.39,100
160.96,36.15,0.55,6.7,2537.61,100
160.99,36.14,0.54,6.69,2539.25,100
161.0,36.14,0.55,6.7,2538.7,100
160.99,36.13,0.55,6.69,2537.97,100
160.98,36.13,0.55,6.69,2537.27,100
160.98,36.13,0.54,6.69,2537.49,100
160.98,36.12,0.54,6.69,2538.07,100
160.96,36.12,0.54,6.69,2537.37,100
160.97,36.11,0.54,6.69,2537.33,100
160.99,36.1,0.55,6.69,2538.4,100
160.96,36.08,0.55,6.69,2543.0,100
161.0,36.08,0.54,6.68,2541.13,100
161.0,36.07,0.55,6.68,2539.89,100
160.99,36.08,0.54,6.68,2539.63,100
161.01,36.06,0.55,6.68,2539.46,100
161.01,36.06,0.54,6.68,2539.75,100
161.04,36.06,0.54,6.68,2542.06,100
161.03,36.05,0.54,6.69,2542.08,100
161.02,36.05,0.54,6.68,2540.74,100
161.02,36.04,0.55,6.68,2540.5,100
160.37,36.01,0.54,6.41,2566.09,100
160.61,35.97,0.54,6.37,2568.42,100
160.6,35.93,0.54,6.37,2567.61,100
160.58,35.9,0.55,6.36,2566.63,100
160.59,35.88,0.54,6.37,2566.61,100
160.6,35.87,0.55,6.36,2566.04,100
160.59,35.87,0.55,6.37,2565.8,100
160.59,35.86,0.56,6.36,2565.07,100
160.59,35.87,0.55,6.37,2566.96,100
160.6,35.88,0.55,6.37,2567.99,100
160.62,35.86,0.55,6.36,2566.41,100
160.5,35.86,0.55,6.39,2562.42,100
160.49,35.85,0.56,6.39,2562.95,100
160.54,35.85,0.55,6.38,2567.65,100
160.54,35.85,0.55,6.38,2566.02,100
160.52,35.86,0.55,6.38,2565.28,100
160.53,35.87,0.55,6.38,2565.02,100
160.5,35.86,0.55,6.39,2565.12,100
160.5,35.87,0.55,6.39,2565.1,100
160.53,35.86,0.55,6.39,2563.35,100
160.52,35.86,0.55,6.38,2562.61,100
160.42,35.85,0.55,6.4,2562.29,100
160.43,35.84,0.55,6.41,2562.74,100
160.43,35.84,0.55,6.4,2562.8,100
160.43,35.84,0.54,6.41,2566.24,100
160.42,35.84,0.54,6.39,2563.33,100
160.43,35.84,0.55,6.4,2563.22,100
160.45,35.83,0.55,6.39,2562.16,100
160.46,35.82,0.54,6.4,2562.48,100
160.44,35.83,0.54,6.4,2563.48,100
160.44,35.83,0.55,6.4,2561.54,100
160.4,35.82,0.54,6.4,2561.84,100
160.39,35.8,0.55,6.4,2562.79,100
160.44,35.82,0.55,6.4,2564.65,100
160.39,35.81,0.54,6.4,2563.5,100
160.39,35.79,0.54,6.4,2563.04,100
160.39,35.78,0.55,6.4,2563.13,100
160.4,35.78,0.54,6.4,2564.18,100
160.41,35.78,0.54,6.4,2564.59,100
160.4,35.77,0.55,6.4,2563.65,100
160.4,35.77,0.55,6.4,2560.47,100
160.67,35.77,0.54,6.5,2549.23,100
160.92,35.78,0.55,6.46,2550.72,100
160.9,35.77,0.55,6.46,2549.19,100
160.92,35.78,0.55,6.46,2552.21,100
160.9,35.77,0.55,6.46,2553.3,100
160.91,35.78,0.55,6.46,2552.87,100
160.91,35.78,0.55,6.46,2553.31,100
160.89,35.76,0.55,6.46,2552.38,100
160.89,35.75,0.55,6.46,2551.37,100
160.89,35.74,0.55,6.46,2551.23,100
160.9,35.74,0.55,6.46,2548.75,100
160.81,35.75,0.56,6.49,2546.7,100
160.82,35.74,0.55,6.48,2547.96,100
160.82,35.73,0.55,6.49,2549.21,100
160.83,35.72,0.55,6.47,2548.83,100
160.81,35.72,0.55,6.49,2550.23,100
160.83,35.7,0.55,6.49,2551.38,100
160.82,35.7,0.55,6.48,2550.99,100
160.84,35.7,0.55,6.48,2551.27,100
160.82,35.69,0.55,6.48,2550.64,100
160.81,35.68,0.55,6.49,2549.23,100
160.74,35.68,0.55,6.51,2548.67,100
160.72,35.67,0.55,6.5,2548.99,100
160.72,35.65,0.55,6.49,2548.83,100
160.74,35.64,0.54,6.49,2549.9,100
160.75,35.62,0.55,6.49,2549.67,100
160.73,35.61,0.55,6.49,2550.04,100
160.74,35.61,0.54,6.49,2549.54,100
160.75,35.6,0.55,6.49,2550.71,100
160.73,35.6,0.55,6.49,2551.62,100
160.74,35.59,0.54,6.49,2550.7,100
160.69,35.59,0.54,6.5,2550.04,100
160.69,35.58,0.55,6.51,2549.36,100
160.68,35.57,0.55,6.51,2550.68,100
160.68,35.56,0.54,6.5,2550.67,100
160.7,35.55,0.54,6.5,2550.81,100
160.71,35.54,0.55,6.51,2551.72,100
160.67,35.54,0.55,6.51,2553.1,100
160.68,35.54,0.55,6.51,2548.41,100
160.71,35.54,0.56,6.51,2547.82,100
160.7,35.55,0.56,6.51,2550.34,100
161.13,35.54,0.55,6.69,2539.04,100
161.37,35.56,0.56,6.65,2541.43,100
161.39,35.57,0.55,6.65,2540.13,100
161.37,35.58,0.56,6.65,2541.66,100
161.37,35.59,0.56,6.65,2539.11,100
161.38,35.59,0.56,6.65,2542.14,100
161.4,35.59,0.55,6.65,2544.12,100
161.41,35.59,0.56,6.66,2545.24,100
161.37,35.59,0.56,6.66,2544.6,100
161.38,35.56,0.56,6.66,2544.06,100
161.4,35.55,0.55,6.65,2546.27,100
161.32,35.54,0.56,6.67,2545.3,100
161.3,35.54,0.56,6.67,2544.07,100
161.32,35.54,0.55,6.68,2542.2,100
161.34,35.54,0.56,6.67,2543.33,100
161.32,35.54,0.56,6.67,2542.75,100
161.33,35.54,0.54,6.67,2541.66,100
161.33,35.53,0.55,6.67,2543.09,100
161.34,35.53,0.55,6.67,2543.04,100
161.33,35.52,0.54,6.68,2542.84,100
161.34,35.51,0.56,6.67,2540.65,100
161.26,35.51,0.55,6.69,2538.51,100
161.25,35.5,0.55,6.7,2538.18,100
161.26,35.47,0.56,6.68,2538.12,100
161.24,35.47,0.56,6.68,2538.21,100
161.28,35.45,0.55,6.68,2539.55,100
161.27,35.45,0.55,6.68,2543.21,100
161.26,35.45,0.55,6.69,2543.5,100
161.26,35.44,0.55,6.68,2543.06,100
161.26,35.43,0.55,6.7,2544.17,100
161.26,35.41,0.55,6.69,2543.72,100
161.21,35.4,0.55,6.69,2542.3,100
161.22,35.4,0.55,6.69,2544.37,100
161.21,35.39,0.55,6.69,2542.85,100
161.22,35.38,0.55,6.69,2545.0,100
161.21,35.37,0.55,6.7,2544.81,100
161.22,35.38,0.55,6.7,2545.05,100
161.23,35.37,0.55,6.69,2545.46,100
161.23,35.36,0.55,6.7,2545.67,100
161.23,35.36,0.55,6.69,2546.16,100
161.21,35.34,0.55,6.7,2546.29,100
161.23,35.33,0.55,6.69,2548.49,100
161.24,35.33,0.55,6.7,2547.43,100
161.24,35.33,0.55,6.7,2546.98,100
161.24,35.32,0.55,6.69,2547.04,100
161.23,35.31,0.55,6.69,2543.91,100
161.21,35.32,0.55,6.69,2543.41,100
161.19,35.32,0.55,6.69,2542.73,100
161.21,35.32,0.54,6.68,2544.05,100
161.22,35.32,0.55,6.69,2543.82,100
